post_id,username,post_date,caption,media_type,slide_count,like_count,comment_count,view_count,saved_count,share_count,hashtags,mentions,location,media_url,crawled_at,total follower,month,engagement
DEUa0qiReG,vinfast.indonesia,2025-01-02,"Selamat datang di tahun baru 2025, VinFam! 🎇🎉

Tahun baru adalah awal baru untuk menciptakan momen indah bersama keluarga. VinFast siap menemani setiap perjalanan Anda dengan kendaraan yang nyaman dan aman, menghadirkan pengalaman berkendara yang tak terlupakan di tahun ini.

Mari wujudkan perjalanan penuh cerita baru bersama VinFast.

VinFast EV for Everyone.
Pesan sekarang via hotline bebas pulsa: 1500083.",Video,1,49.0,0.0,2323.0,0.0,0.0,#VinFastIndonesia #VinFast #LivingUnbound #UnboundComfort #YourDriveYourVibe #MobilListrik #VinFastVFe34 #VinFastVF5 #EVforEveryone #VinFastEVForEveryone #NewYear #TahunBaru2025,,,https://www.instagram.com/p/DEUa0qiReG/,45763,35200,2025-01,49.0
DEW2qu0C3Q,vinfast.indonesia,2025-01-03,"VinFast berkomitmen untuk memberikan EV yang terjangkau bagi semua orang. Setelah VF e34 dan VF 5 yang rilis di Indonesia, akan ada juga tipetipe lain yang menyusul masuk pasar Indonesia.

VinFast tipe apa yang paling kamu tunggu? Stay tuned with us for more updates, VinFam!

VinFast EV for Everyone
Pesan sekarang via hotline bebas pulsa: 1500083.",Video,1,52.0,3.0,2210.0,0.0,0.0,#VinFastIndonesia #VinFast #LivingUnbound #UnboundComfort #YourDriveYourVibe #MobilListrik #VinFastVFe34 #VinFastVF5 #EVforEveryone #VinFastEVForEveryone,,,https://www.instagram.com/p/DEW2qu0C3Q/,45763,35200,2025-01,55.0
DEZmxfxpX3R,vinfast.indonesia,2025-01-04,"Kalau samasama mau test drive VinFast sih gak perlu berantem ya, VinFam! Tinggal datang aja ke showroom VinFast terdekat buat cobain pengalaman berkendara mobil listrik VinFast!

Cek daftar showroom terdekat di pinned post VinFast, ya.

VinFast EV for Everyone
Pesan sekarang via hotline bebas pulsa: 1500083.",Video,1,67.0,0.0,4429.0,0.0,0.0,#VinFastIndonesia #VinFast #LivingUnbound #UnboundComfort #YourDriveYourVibe #MobilListrik #VinFastVFe34 #VinFastVF5 #EVforEveryone #VinFastEVForEveryone,,,https://www.instagram.com/p/DEZmxfxpX3R/,45763,35200,2025-01,67.0
DEhQhUQix6J,vinfast.indonesia,2025-01-07,"Kendalikan teknologi canggih VinFast VF 5 hanya dengan sentuhan!

Fitur Smart Control memungkinkan VinFam mengoperasikan berbagai fungsi mobil dari head unit screen, menghadirkan pengalaman berkendara yang lebih mudah dan modern.

VinFast, EV for Everyone.
Pesan sekarang via hotline bebas pulsa: 1500083.",Video,1,201.0,12.0,4914.0,0.0,0.0,#VinFastIndonesia #VinFast #LivingUnbound #UnboundComfort #YourDriveYourVibe #MobilListrik #VinFastVFe34 #VinFastVF5 #EVforEveryone #VinFastEVForEveryone,https://www.instagram.com/you_r_love/,,https://www.instagram.com/p/DEhQhUQix6J/,45763,35200,2025-01,213.0
DEpOmH4PAHs/,vinfast.indonesia,2025-01-10,"Memilih mode berkendara yang tepat tidak hanya membuat pengalaman mengemudi lebih menyenangkan, tapi juga bisa mengoptimalkan efisiensi dan performa mobilmu, VinFam.

Jadi, yuk kenali 3 driving modes VinFast VF e34 dan sesuaikan dengan kondisi serta kebutuhan berkendaramu.

VinFast EV for Everyone
Pesan sekarang via hotline bebas pulsa: 1500083.",carousel,4,50.0,0.0,,0.0,0.0,#VinFastIndonesia #VinFast #LivingUnbound #UnboundComfort #MobilListrik #VinFastVFe34 #EVforEveryone #VinFastEVForEveryone,,,https://www.instagram.com/p/DEpOmH4PAHs/?img_index=1,45763,35200,2025-01,50.0
DExCn6Cpx9v,vinfast.indonesia,2025-01-13,"Dengan sekali pengisian daya baterai penuh, VinFast VF e34 bisa menempuh jarak ±318 km, VinFam!

Dengan kemampuan ini, kamu bisa menggunakan VinFast VF e34 untuk kebutuhan berkendara harian ataupun liburan singkat bersama keluarga. Yuk, miliki VinFast VF e34 sekarang!

VinFast EV for Everyone
Pesan VF e34 sekarang mulai dari Rp273 juta* via hotline bebas pulsa: 1500083.

*Harga OTR Jakarta",Video,1,74.0,4.0,4166.0,0.0,0.0,#VinFastIndonesia #VinFast #LivingUnbound #UnboundComfort #MobilListrik #VinFastVFe34 #EVforEveryone #VinFastEVForEveryone,,,https://www.instagram.com/p/DExCn6Cpx9v/,45763,35200,2025-01,78.0
DE2M0lMhQ5C,vinfast.indonesia,2025-01-15,"Kaya gini nih gallery para pemilik VinFast VF 5. ✨

Bisa banget ‘kan disesuain dengan vibes kamu? Yuk miliki VinFast VF 5 sekarang juga, VinFam!

VinFast EV for Everyone
Pesan VF 5 mulai dari Rp218,250 juta* via hotline bebas pulsa: 1500083.

*Harga OTR Jakarta",Video,1,241.0,2.0,4921.0,0.0,0.0,#VinFastIndonesia #VinFast #LivingUnbound #UnboundComfort #MobilListrik #VinFastVFe34 #EVforEveryone #VinFastEVForEveryone,,,https://www.instagram.com/p/DE2M0lMhQ5C/,45763,35200,2025-01,243.0
DE4ipZuptEL,vinfast.indonesia,2025-01-16,"Bosan dengan mobil besar yang sulit maneuver di jalanan kota? Saatnya beralih ke VinFast VF 5!

Ukurannya yang compact bikin pengalaman berkendara jadi lebih lincah dan mudah dikendarai di jalanan yang sempit. Bersama VinFast VF 5, kamu bisa bebas menjelajahi kota dengan nyaman. Yuk, rasakan sensasi berkendara yang berbeda bersama VinFast VF 5! ✨

VinFast EV for Everyone
Pesan VF 5 mulai dari Rp218,250 juta* via hotline bebas pulsa: 1500083.

*Harga OTR Jakarta",carousel,5,174.0,14.0,,0.0,0.0,#VinFastIndonesia #VinFast #LivingUnbound #UnboundComfort #MobilListrik #VinFastVFe34 #EVforEveryone #VinFastEVForEveryone,,,https://www.instagram.com/p/DE4ipZuptEL/?img_index=1,45763,35200,2025-01,188.0
DE46EEHype/,vinfast.indonesia,2025-01-16,"Review 2024 Vinfast VFe34

Tonton video full di YouTube Channel Alief Auto",Video,1,93.0,5.0,4107.0,0.0,0.0,#vinfast #vinfastvfe34 #iims #aliefauto,https://www.instagram.com/arikarno_dr/  https://www.instagram.com/aliefwibowo_/,,https://www.instagram.com/p/DE46EEHype/,45763,35200,2025-01,98.0
DE9XUksuhQn,vinfast.indonesia,2025-01-18,"Kegiatan akhir pekan jadi lebih seru bareng VinFast VF 5!

Interiornya yang nyaman dengan fiturnya lengkap, bikin kegiatan kamu jadi lebih menyenangkan, VinFam. Kamu juga bisa memilih VinFast VF 5 yang sesuai vibes kamu. VinFast VF 5 warna apa yang paling bisa menggambarkan vibes kamu? Tulis di komen, ya!

VinFast EV for Everyone
Pesan VF 5 mulai dari Rp218,250 juta* via hotline bebas pulsa: 1500083.

*Harga OTR Jakarta",Video,1,43.0,2.0,2252.0,0.0,0.0,#VinFastIndonesia #VinFast #LivingUnbound #YourDriveYourVibe #MobilListrik #VinFastVF5 #EVforEveryone #VinFastEVForEveryone,,,https://www.instagram.com/p/DE9XUksuhQn/,45763,35200,2025-01,45.0
DFAQzyppn7d,vinfast.indonesia,2025-01-19,"Siap memasuki Tahun Ular Kayu bersama mobil listrik VinFast? Kunjungi booth VinFast dan dapatkan berbagai promo menarik yang menanti kamu, VinFam.

📍 Mall Kelapa Gading 2
🗓️ 2026 Januari 2025

Dapatkan juga gift voucher Rp100k untuk setiap Test Drive di booth VinFast. Jangan lupa mampir, ya!

VinFast, EV for Everyone.",Image,1,64.0,6.0,,0.0,0.0,#VinFastIndonesia #VinFast #LivingUnbound #UnboundComfort #YourDriveYourVibe #MobilListrik #VinFastVFe34 #VinFastVF5 #EVforEveryone #VinFastEVForEveryone,,,https://www.instagram.com/p/DFAQzyppn7d/,45763,35200,2025-01,70.0
DFCuylmIEWf,vinfast.indonesia,2025-01-20,"Hujan deras? Bukan masalah bagi VinFast! ☔️

Mobil listrik VinFast bisa tetap menemani kegiatanmu saat sedang hujan, VinFam. VinFast sudah memenuhi standar keamanan internasional dan teruji aman melewati air hingga ketinggian setengah ban mobil. Siap menjalani hari bersama VinFast?

Pesan VF e34 sekarang mulai dari Rp273 juta* via hotline bebas pulsa: 1500083.

*Harga OTR Jakarta",Video,1,37.0,0.0,2506.0,0.0,0.0,#VinFastIndonesia #VinFast #LivingUnbound #UnboundComfort #MobilListrik #VinFastVFe34 #EVforEveryone #VinFastEVForEveryone,,,https://www.instagram.com/p/DFCuylmIEWf/,45763,35200,2025-01,37.0
DFFf423JpZ/,vinfast.indonesia,2025-01-21,"VinFast’s Live Stream Car Sale is back!

Setelah sukses dengan Live Stream Car Sale pertama di akhir tahun lalu, VinFast akan kembali mengadakan Live Stream Car Sale dalam waktu dekat.

Dapatkan berbagai kejutan seperti Samsung Galaxy Z Fold 6 dan shopping voucher selama live stream berlangsung.

Tunggu info selengkapnya di social media VinFast, ya!

VinFast, EV for Everyone.",Image,1,54.0,2.0,,0.0,0.0,#VinFastIndonesia #VinFast #LivingUnbound #UnboundComfort #YourDriveYourVibe #MobilListrik #VinFastVFe34 #VinFastVF5 #EVforEveryone #VinFastEVForEveryone,,,https://www.instagram.com/p/DFFf423JpZ/,45763,35200,2025-01,56.0
DFKY24HpcKx,vinfast.indonesia,2025-01-23,"VGREEN dan eTreego menjalin kerjasama membangun 100 ribu EV charging station di Asia Tenggara!

Kerjasama bersama eTreego, perusahaan energi hijau terkemuka dari Taiwan, ini bertujuan untuk membangun 100 ribu EV charging station di Indonesia, Filipina, dan Vietnam, pasar utama kendaraan listrik VinFast.

Kolaborasi ini menegaskan komitmen kedua perusahaan untuk mendorong ekosistem kendaraan listrik yang kuat dan memenuhi permintaan solusi transportasi berkelanjutan yang meningkat di Asia Tenggara.

Semoga bersamasama kita bisa membangun masa depan yang lebih hijau ya, VinFam! 🌱

VinFast EV for Everyone",Image,1,68.0,6.0,,0.0,0.0,#VinFastIndonesia #VinFast #LivingUnbound #MobilListrik #EVforEveryone #VinFastEVForEveryone,,,https://www.instagram.com/p/DFKY24HpcKx/,45763,35200,2025-01,74.0
DFKd4J4pTV7,vinfast.indonesia,2025-01-23,"VinFast’s Live Stream Car Sale is back!

Ayo join VinLive dan VinTalk bersama @papiabeabeabe dan @audi_sw dari @autonetmagz yang akan mengupas mobil listrik VinFast dari keunggulan hingga promo menarik kami! ✨

Set your reminder:
🗓️ Jumat, 24 Januari 2025
🕢 19:0020:30 WIB
🤳🏻 TikTok @papiabeabeabe

Ikuti live streamnya dan dapatkan penawaran serta kejutan eksklusif:
🎁 Samsung Galaxy Z Fold 6 yang akan dipilih di akhir sesi live stream
🎁 30 VinFast Smart Air Purifier Portable yang akan dipilih 10 pemenang setiap 30 menit selama sesi live stream
🎁 Kejutan Rp1 juta untuk VinFam yang melakukan pembelian selama sesi live stream
🎁 VinFast Quiz & Best Comment berhadiah ewallet Rp50 ribu selama sesi live stream

Jangan sampai ketinggalan ya, VinFam. See you 👋🏻
VinFast, EV for Everyone.",Image,1,117.0,22.0,,0.0,0.0,#VinFastIndonesia #VinFast #LivingUnbound #UnboundComfort #YourDriveYourVibe #MobilListrik #VinFastVFe34 #VinFastVF5 #EVforEveryone #VinFastEVForEveryone,https://www.instagram.com/autonetmagz/,,https://www.instagram.com/p/DFKd4J4pTV7/,45763,35200,2025-01,139.0
DFPqX4at8t8,vinfast.indonesia,2025-01-25,"VinFast keliling @mkglapiazza buat ajakin VinFam mampir ke booth kami, nih! Tapi, ada quiznya, dulu. 😎

Kamu juga masih bisa berkunjung ke booth VinFast di:
📍 Mall Kelapa Gading 2
🗓️ 2026 Januari 2025

Dapatkan gift voucher Rp100k untuk setiap test drive di booth VinFast, ya.

VinFast, EV for Everyone.

",Video,1,67.0,0.0,4084.0,0.0,0.0,#VinFastIndonesia #VinFast #LivingUnbound #UnboundComfort #YourDriveYourVibe #MobilListrik #VinFastVFe34 #VinFastVF5 #EVforEveryone #VinFastEVForEveryone,,,https://www.instagram.com/p/DFPqX4at8t8/,45763,35200,2025-01,67.0
DFR9ZuFNmnN,vinfast.indonesia,2025-01-26,"Pilih garam atau madu? Pilih VinFast VF e34 atau VinFast VF 5?

Langsung aja test drive VinFast di @mkglapiazza biar kamu bisa pilih mau VinFast yang mana ya, VinFam.

📍 Mall Kelapa Gading 2
🗓️ 2026 Januari 2025

Dapatkan juga gift voucher Rp100k untuk setiap test drive di booth VinFast.

VinFast, EV for Everyone.",Video,1,114.0,17.0,7035.0,0.0,0.0,#VinFastIndonesia #VinFast #LivingUnbound #UnboundComfort #YourDriveYourVibe #MobilListrik #VinFastVFe34 #VinFastVF5 #EVforEveryone #VinFastEVForEveryone,,,https://www.instagram.com/p/DFR9ZuFNmnN/,45763,35200,2025-01,131.0
DFT0_lPvngO,vinfast.indonesia,2025-01-27,"Selamat memperingati Isra’ Mi’raj 1446 H, VinFam!

Mari kita merenungkan perjalanan spiritual Rasulullah saw. yang menginspirasi. Sama halnya dengan perjalanan Isra’ Mi’raj, VinFast terus berinovasi untuk menghadirkan mobilitas yang lebih baik dan ramah lingkungan.

Semoga semangat Isra’ Mi’raj menginspirasi kita semua untuk terus berbuat kebaikan.

VinFast, EV for Everyone.",Image,1,58.0,0.0,,0.0,0.0,#VinFastIndonesia #VinFast #LivingUnbound #UnboundComfort #YourDriveYourVibe #MobilListrik #VinFastVFe34 #VinFastVF5 #EVforEveryone #VinFastEVForEveryone,,,https://www.instagram.com/p/DFT0_lPvngO/,45763,35200,2025-01,58.0
DFYkmdtGiZ,vinfast.indonesia,2025-01-29,"Selamat Tahun Baru Imlek 2025! 🐉🏮

Semoga tahun ini membawa keberuntungan dan kemakmuran bagi kita semua. VinFast berharap dapat terus menemani perjalanan VinFam menuju masa depan yang lebih cerah. Mari rayakan Tahun Baru Imlek dengan semangat baru dan semangat berkendara yang lebih baik bersama VinFast.

VinFast, EV for Everyone.",Image,1,57.0,0.0,,0.0,0.0,#VinFastIndonesia #VinFast #LivingUnbound #UnboundComfort #YourDriveYourVibe #MobilListrik #VinFastVFe34 #VinFastVF5 #EVforEveryone #VinFastEVForEveryone,,,https://www.instagram.com/p/DFYkmdtGiZ/,45763,35200,2025-01,57.0
DFcRSGpuf3,vinfast.indonesia,2025-01-30,"Tahun Ular Kayu dimulai dengan semangat baru! Terima kasih untuk semua VinFam yang sudah meramaikan booth VinFast di Mall Kelapa Gading 2 minggu lalu. 🎊

Siapa yang sudah test drive dan dapet voucher dari VinFast? Kamu juga bisa kunjungi showroom VinFast terdekat buat test drive, ya.

VinFast, EV for Everyone.",Video,1,50.0,4.0,3212.0,0.0,0.0,#VinFastIndonesia #VinFast #LivingUnbound #UnboundComfort #YourDriveYourVibe #MobilListrik #VinFastVFe34 #VinFastVF5 #EVforEveryone #VinFastEVForEveryone,,,https://www.instagram.com/p/DFcRSGpuf3/,45763,35200,2025-01,54.0
DFcoDykpck3,vinfast.indonesia,2025-01-30,"Petualangan bersama VinFast akan segera memasuki chapter terbaru.

Siap jelajahi dunia modern terkini yang akan segera tiba di Indonesia?

VinFast, EV for Everyone",Image,1,407.0,48.0,,0.0,0.0,#VinFastIndonesia #VinFast #LivingUnbound #MobilListrik #EVforEveryone #VinFastEVForEveryone #UnboundImagination,,,https://www.instagram.com/p/DFcoDykpck3/,45763,35200,2025-01,455.0
DFeoBVBouqc,vinfast.indonesia,2025-01-31,"Februari 2025, VinFast akan mengajak VinFam memulai petualangan baru bersama mobil listrik terbaru di Indonesia.

Ready to welcome our newest car?

VinFast EV for Everyone",Video,1,136.0,19.0,8825.0,0.0,0.0,#VinFastIndonesia #VinFast #LivingUnbound #MobilListrik #EVforEveryone #VinFastEVForEveryone #UnboundImagination,,,https://www.instagram.com/p/DFeoBVBouqc/,45763,35200,2025-01,155.0
DFhIeWjPX8a,vinfast.indonesia,2025-02-01,"VinFast VF 3 akhirnya akan tiba di Indonesia, VinFam!

Jadilah orang pertama yang merasakan pengalaman berkendara baru bersama imajinasi tak terbatas dari VinFast VF 3.

VinFast EV for Everyone
Preorder sekarang via hotline bebas pulsa: 1500083.",Video,1,227.0,38.0,16500.0,0.0,0.0,#VinFastIndonesia #VinFast #LivingUnbound #MobilListrik #VinFastVF3 #EVforEveryone #VinFastEVForEveryone #UnboundImagination,,,https://www.instagram.com/reel/DFhIeWjPX8a/,45763,35200,2025-02,265.0
DFjtOzspnmA,vinfast.indonesia,2025-02-02,"Baru punya mobil listrik? Selamat bergabung dengan keluarga ramah lingkungan, VinFam! 🚗🍃

Untuk memaksimalkan pengalaman berkendara, yuk simak beberapa tips ini.

VinFast EV for Everyone
Pesan VF 5 mulai dari Rp218,250 juta* via hotline bebas pulsa: 1500083.

*Harga OTR Jakarta",Video,1,92.0,2.0,3.917,0.0,0.0,#VinFastIndonesia #VinFast #LivingUnbound #YourDriveYourVibe #MobilListrik #VinFastVF5 #EVforEveryone #VinFastEVForEveryone #KimYouJung,,,https://www.instagram.com/reel/DFjtOzspnmA/,45763,35200,2025-02,94.0
DFnKQ4rNvPN,vinfast.indonesia,2025-02-03,"Halo IIMS 2025! 👋🏻🚗

Setelah menjadi langkah awal di Indonesia 🇮🇩 pada IIMS 2024 lalu, dengan senang hati VinFast mengumumkan partisipasi kami di salah satu acara otomotif terbesar di Indonesia, @iims_id! 🎉

Merayakan ulang tahun pertama kami dan menegaskan kembali komitmen untuk memajukan perjalanan EV demi masa depan yang lebih hijau 🌱, VinFast siap meramaikan IIMS 2025 dengan beragam aktivitas menarik.

Siap menyambut kejutan baru dari VinFast? Tandai kalendermu, VinFam 📅 dan kunjungi booth VinFast untuk menjadi saksi peluncuran model EV ikonik terbaru kami yang menjadi favorit global! 🌍

VinFast, EV for Everyone.",Video,1,105.0,0.0,7.759,0.0,0.0,#VinFastIndonesia #VinFast #EVforEveryone #VinFastEVForEveryone #MobilListrik #LivingUnbound #UnboundComfort #YourDriveYourVibe #UnboundImagination,https://www.instagram.com/iims_id/,,https://www.instagram.com/reel/DFnKQ4rNvPN/,45763,35200,2025-02,105.0
DFpyrA3Mt9Q,vinfast.indonesia,2025-02-04,"Ayo melaju menuju kemakmuran dengan VinFast VF 3! 🐍

Di Tahun Ular ini, bebaskan imajinasimu bersama EV terbaru VinFast dan raih kemakmuran dalam setiap perjalanan bersama kami.

Preorder sekarang via hotline bebas pulsa: 1500083.
VinFast, EV for Everyone.",Video,1,122.0,22.0,10600.0,0.0,0.0,#VinFastIndonesia #VinFast #EVforEveryone #VinFastEVForEveryone #MobilListrik #LivingUnbound #UnboundImagination #VinFastVF3,,,https://www.instagram.com/reel/DFpyrA3Mt9Q/,45763,35200,2025-02,144.0
DFsOLLhKI_z,vinfast.indonesia,2025-02-05,"VinFast VF 3 siap menggebrak imajinasimu menjadi tak terbatas, VinFam! 🚗💥

Dengan practical design, interior minimalis, dan teknologi canggih, VF 3 siap mengubah cara pandangmu tentang mobil listrik dan menjadikan langit sebagai batas imajinasimu.

Who's excited?
Preorder sekarang via hotline bebas pulsa: 1500083.
VinFast, EV for Everyone.",Video,1,611.0,45.0,46500.0,0.0,0.0,#VinFastIndonesia #VinFast #EVforEveryone #VinFastEVForEveryone #MobilListrik #LivingUnbound #UnboundImagination #VinFastVF3,,,https://www.instagram.com/p/DFsOLLhKI_z/,45763,35200,2025-02,656.0
DFwsKs7CWcC,vinfast.indonesia,2025-02-07,"VinFast VF 3, the future is here!

Dinobatkan sebagai pemenang Gold Awards di MMA Smarties, VF 3 telah membuktikan dirinya sebagai pionir mobil listrik 🚗⚡.

Dengan peluncuran VF 3 di Indonesia 🇮🇩, VinFast semakin yakin bahwa masa depan kendaraan listrik di tanah air akan semakin cerah. Ayo bersamasama menjadi bagian dari Indonesia yang lebih hijau. 🍃

Preorder sekarang via hotline bebas pulsa: 1500083.
VinFast, EV for Everyone.",Video,1,285.0,16.0,20900.0,0.0,0.0,#VinFastIndonesia #VinFast #EVforEveryone #VinFastEVForEveryone #MobilListrik #LivingUnbound #UnboundImagination #VinFastVF3,,,https://www.instagram.com/reel/DFwsKs7CWcC/,45763,35200,2025-02,301.0
DFxYiFMOjLw,vinfast.indonesia,2025-02-07,"Siap menjelajahi dunia mobil listrik bersama VinFast? ⚡

Booth VinFast di IIMS 2025 akan membawamu ke imajinasi yang tak terbatas, VinFam! Dapatkan informasi lengkap tentang mobil listrik terbaru kami, test drive, dan penawaran menarik lainnya.

Dapatkan tiketmu sekarang di https://indonesianmotorshow.com/buyticket dan kunjungi booth VinFast di:
📍 Hall C3 & Pre Function Hall D, JIExpo Kemayoran
🗓️ 1323 Februari 2025

VinFast, EV for Everyone.",Image,1,228.0,14.0,,0.0,0.0,#VinFastIndonesia #VinFast #EVforEveryone #VinFastEVForEveryone #MobilListrik #LivingUnbound #UnboundComfort #YourDriveYourVibe #UnboundImagination,https://www.instagram.com/iims_id/,,https://www.instagram.com/p/DFxYiFMOjLw/,45763,35200,2025-02,242.0
DFzJf0wt6aW,vinfast.indonesia,2025-02-08,"Get ready to be amazed! ⚡🥳

VinFast akan hadir dengan berbagai kejutan di @iims_id mendatang. Tidak hanya mobil listrik terbaru yang siap menemani petualanganmu, tapi juga pengalaman seru yang tak terlupakan.

Ada apa aja ya, VinFam? Tunggu kejutannya! Stay tuned untuk informasi lengkapnya dan jangan sampai ketinggalan keseruannya!

Yuk kunjungi booth VinFast di:
📍 Hall C3 & Pre Function Hall D, JIExpo Kemayoran
🗓️ 1323 Februari 2025

VinFast, EV for Everyone.",Video,1,60.0,3.0,5136.0,0.0,0.0,#VinFastIndonesia #VinFast #EVforEveryone #VinFastEVForEveryone #MobilListrik #LivingUnbound #UnboundComfort #YourDriveYourVibe #UnboundImagination #IIMS2025,https://www.instagram.com/iims_id/,,https://www.instagram.com/p/DFzJf0wt6aW/,45763,35200,2025-02,63.0
DFzsdvviV__,vinfast.indonesia,2025-02-08,"Kenalan lebih dekat dengan VF 3, yuk!

Our new tiny titan ini punya ground clearance yang tinggi sehingga kamu gak perlu takut melewati medan apapun, VinFam. Hanya dalam 36 menit, kamu bisa mengisi daya dari 10%  70% dan punya jarak tempuh sejauh 215 km! Dan tentunya, ada banyak warna yang bisa kamu pilih sesuai keinginan kamu!

Gak sabar nungguin VF 3 kan? Stay tuned for more updates!

Preorder sekarang via hotline bebas pulsa: 1500083.
VinFast, EV for Everyone.",Video,1,150.0,4.0,19400.0,0.0,0.0,#VinFastIndonesia #VinFast #EVforEveryone #VinFastEVForEveryone #MobilListrik #LivingUnbound #UnboundImagination #VinFastVF3,,,https://www.instagram.com/reel/DFzsdvviV__/,45763,35200,2025-02,154.0
DF2Ff4spJNH,vinfast.indonesia,2025-02-09,"VinFast VF 3: A New Icon of Urban Driving! 🚗🏙️

VinFast mempersembahkan mobil listrik terbaru kami: VF 3 yang akan membawa imajinasi tak terbatas bagi pengalaman berkendaramu.

Desain yang fungsional dan efisien trendy dan innovatif, disertai interior yang minimalis, mengedepankan teknologi terkini dan fiturfitur yang memudahkanmu untuk berkendara di area urban.

Ready to turn heads with the new icon of urban driving?
Preorder sekarang via hotline bebas pulsa: 1500083.
VinFast, EV for Everyone.",Video,1,113.0,0.0,18300.0,0.0,0.0,#VinFastIndonesia #VinFast #EVforEveryone #VinFastEVForEveryone #MobilListrik #LivingUnbound #UnboundImagination #VinFastVF3,,,https://www.instagram.com/reel/DF2Ff4spJNH/,45763,35200,2025-02,113.0
DF2e2Q9vHE4,vinfast.indonesia,2025-02-09,"Siap untuk mengungkap imajinasimu, VinFam?

Bersama VinFast VF 3, Unbound Imagination, kamu akan bersiap membawa revolusi baru di dunia mobil listrik. Desain fungsional dan efisien yang berpadu dengan teknologi terkini dan kenyamanan berkendara akan membuatmu terkesan dengan pengalaman berkendara yang diberikan VF 3.

Preorder sekarang via hotline bebas pulsa: 1500083.
VinFast, EV for Everyone.",Image,3,195.0,5.0,,0.0,0.0,#VinFastIndonesia #VinFast #EVforEveryone #VinFastEVForEveryone #MobilListrik #LivingUnbound #UnboundImagination #VinFastVF3,,,https://www.instagram.com/p/DF2e2Q9vHE4/?img_index=1,45763,35200,2025-02,200.0
DF47yJKsl17,vinfast.indonesia,2025-02-10,"VinFast VF 3 telah menorehkan prestasi membanggakan! 🏆

Mobil listrik compact ini telah berhasil membawa pulang sejumlah penghargaan bergengsi, membuktikan inovasi dan kualitas yang dimiliki. Mulai dari inovasi marketing, creative campaign, hingga Car of The Year, VF 3 berhasil memikat hati para juri dan pecinta otomotif dari berbagai ajang di Asia Tenggara hingga global.

Persiapkan dirimu untuk menjadi bagian dari VF 3!
Preorder sekarang via hotline bebas pulsa: 1500083.
VinFast, EV for Everyone.",Image,3,84.0,0.0,,0.0,0.0,#VinFastIndonesia #VinFast #EVforEveryone #VinFastEVForEveryone #MobilListrik #LivingUnbound #UnboundImagination #VinFastVF3,,,https://www.instagram.com/p/DF47yJKsl17/?img_index=1,45763,35200,2025-02,84.0
DF5Z8iZPdMs,vinfast.indonesia,2025-02-10,"Let's Unbound Imagination with VinFast! ⚡

Rasakan kebebasan berkendara dengan komitmen untuk menghadirkan EV berkualitas tinggi bersama kami. Nikmati setiap perjalanan dengan inovasi teknologi terkini dan desain yang menawan. Bersama VinFast, kita wujudkan Indonesia yang lebih bersih dan berkelanjutan. 🌱

VinFast, EV for Everyone.
",Video,1,88.0,2.0,5.192,0.0,0.0,#VinFastIndonesia #VinFast #EVforEveryone #VinFastEVForEveryone #MobilListrik #LivingUnbound #UnboundComfort #YourDriveYourVibe #UnboundImagination,,,https://www.instagram.com/reel/DF5Z8iZPdMs/,45763,35200,2025-02,90.0
DF9Z72dS8sT,vinfast.indonesia,2025-02-12,"Gebrakan baru dari VinFast ini siap menemui kamu di @iims_id, VinFam!

Lihat VinFast VF 3 lebih dekat dan rasakan pengalaman berkendara bersama our newest tiny titan.

Dapatkan tiketmu sekarang di https://indonesianmotorshow.com/buyticket dan kunjungi booth VinFast di:
📍 Hall C3 & Pre Function Hall D, JIExpo Kemayoran
🗓️ 1323 Februari 2025",Video,1,201.0,4.0,12900.0,0.0,0.0,#VinFastIndonesia #VinFast #EVforEveryone #VinFastEVForEveryone #MobilListrik #LivingUnbound #UnboundImagination #VinFastVF3 #IIMS2025,,,https://www.instagram.com/p/DF9Z72dS8sT/,45763,35200,2025-02,205.0
DF9qQ2RNW92,vinfast.indonesia,2025-02-12,"Selama 11 hari di @iims_id 2025, booth VinFast siap memberikan pengalaman yang tak terlupakan untukmu, VinFam!

Mulai dari peluncuran our newest tiny titan, test drive, berbagai activity seru, hingga penawaran spesial yang hanya bisa kamu dapatkan di IIMS 2025.

Yuk kunjungi booth VinFast di:
📍 Hall C3 & Pre Function Hall D, JIExpo Kemayoran
🗓️ 1323 Februari 2025

VinFast, EV for Everyone.",Image,1,115.0,2.0,,0.0,0.0,#VinFastIndonesia #VinFast #EVforEveryone #VinFastEVForEveryone #MobilListrik #LivingUnbound #UnboundComfort #YourDriveYourVibe #UnboundImagination #IIMS2025,,,https://www.instagram.com/p/DF9qQ2RNW92/,45763,35200,2025-02,117.0
DF93mMoMgrk,vinfast.indonesia,2025-02-12,"Ada yang baru sampai di Indonesia nih, VinFam! 👀

Siapsiap jadi orang pertama yang melihat lebih dekat our newest tiny titan. Kunjungi booth VinFast di @iims_id dan beli tiketmu sekarang di https://indonesianmotorshow.com/buyticket.

VinFast at IIMS 2025:
📍 Hall C3 & Pre Function Hall D, JIExpo Kemayoran
🗓️ 1323 Februari 2025",Video,1,181.0,9.0,14.5,0.0,0.0,#VinFastIndonesia #VinFast #EVforEveryone #VinFastEVForEveryone #MobilListrik #LivingUnbound #UnboundImagination #VinFastVF3 #IIMS2025,,,https://www.instagram.com/reel/DF93mMoMgrk/,45763,35200,2025-02,190.0
DGAJOH4J2EL,vinfast.indonesia,2025-02-13,"CALLING ALL JAKARTANS! 👋🏻👋🏻

Mau nyobain experience naik mobil listrik VinFast? Naik taksi @xanhsm.id aja, yuk! Ada Xanh SM Voucher senilai total Rp2,5 juta buat kamu 25 orang yang beruntung.

Caranya gampang banget:
▪️ Komen di post ini, kenapa kamu mau cobain naik Xanh SM Taxi dan tag 3 teman kamu
▪️ Share postingan ini ke Instagram Story kamu
▪️ Jangan lupa follow @vinfast.indonesia dan @xanhsm.id

Kunjungi juga booth VinFast di IIMS 2025 dengan naik Xanh SM Taxi, ya:
📍 Hall C3 & Pre Function Hall D, JIExpo Kemayoran
🗓️ 1323 Februari 2025

Periode kuis 1328 Februari 2025. Let’s go, VinFam!",Image,1,93.0,26.0,,0.0,0.0,#VinFastIndonesia #VinFast #EVforEveryone #VinFastEVForEveryone #MobilListrik #LivingUnbound #UnboundComfort #YourDriveYourVibe #UnboundImagination #IIMS2025,https://www.instagram.com/id.greensm/,,https://www.instagram.com/p/DGAJOH4J2EL/,45763,35200,2025-02,119.0
DGCLL7wvxlC,vinfast.indonesia,2025-02-14,"Let’s celebrate Valentine’s Day with VinFast! 🩵🩷

Di hari spesial ini, akan ada banyak keseruan di booth VinFast:
🎈 VinFast Pink Balloon untuk seluruh pengunjung
🩷 VF 3 Love Game
📷 Special Valentine Photo Booth
🍫 Cokelat untuk pengunjung yang beruntung
🧸 Love Surprise from VinFast!

Banyak banget keseruan dari VinFast, ‘kan? Jangan lupa ajak pasangan kamu untuk berkunjung ke booth VinFast di @iims_id hari ini!

VinFast Booth:
📍 Hall C3 & Pre Function Hall D, JIExpo Kemayoran
🗓️ 1323 Februari 2025

VinFast, EV for Everyone.",Image,1,71.0,7.0,,0.0,0.0,#VinFastIndonesia #VinFast #EVforEveryone #VinFastEVForEveryone #MobilListrik #LivingUnbound #UnboundImagination #VinFastVF3 #IIMS2025,,,https://www.instagram.com/p/DGCLL7wvxlC/,45763,35200,2025-02,78.0
DGDHTcfiH1P,vinfast.indonesia,2025-02-14,"Dengan imajinasi yang tak terbatas, VinFast VF 3 dapat menemanimu dalam perjalanan yang melampaui batasan, menuju destinasi yang belum pernah kamu bayangkan.

VinFast VF 3, Unbound Imagination.

Preorder VF 3 mulai dari Rp227,650,000 via hotline bebas pulsa: 1500083.
VinFast, EV for Everyone.

Kunjungi VinFast Booth untuk test drive:
📍 Hall C3 & Pre Function Hall D, JIExpo Kemayoran
🗓️ 1323 Februari 2025",Video,1,175.0,0.0,12100.0,0.0,0.0,#VinFastIndonesia #VinFast #EVforEveryone #VinFastEVForEveryone #MobilListrik #LivingUnbound #UnboundImagination #VinFastVF3,,,https://www.instagram.com/p/DGDHTcfiH1P/,45763,35200,2025-02,175.0
DGFWKtvAaEg,vinfast.indonesia,2025-02-15,"Mau ke VinFast Booth di IIMS 2025 hari ini? 🚗⚡

Biar gampang nemuin booth VinFast di @iims_id, ikutin petunjuk arah di video ini ya, VinFam!

See you at at IIMS 2025:
📍 Hall C3 & Pre Function Hall D, JIExpo Kemayoran
🗓️ 1323 Februari 2025",Video,1,73.0,0.0,6.661,0.0,0.0,#VinFastIndonesia #VinFast #EVforEveryone #VinFastEVForEveryone #MobilListrik #LivingUnbound #UnboundImagination #VinFastVF3 #IIMS2025,,,https://www.instagram.com/reel/DGFWKtvAaEg/,45763,35200,2025-02,73.0
DGFvGXRsNqH,vinfast.indonesia,2025-02-15,"Ini dia lineup VinFast VF 3 yang hadir di Indonesia! 🇮🇩✨

8 warna siap mewarnai imajinasimu yang tak terbatas bersama VinFast tiny titan di perjalanan yang penuh petualangan. Dan yang paling spesial: VinFast VF 3 Jet Black hadir pertama kali di Indonesia!

Warna mana yang paling menarik perhatianmu, VinFam?
🖤🩶🤍❤️💛💚🩵🩷

Order VF 3 sekarang via hotline bebas pulsa: 1500083.
VinFast, EV for Everyone.",Image,3,110.0,9.0,,0.0,0.0,#VinFastIndonesia #VinFast #EVforEveryone #VinFastEVForEveryone #MobilListrik #LivingUnbound #UnboundImagination #VinFastVF3,,,https://www.instagram.com/p/DGFvGXRsNqH/?img_index=1,45763,35200,2025-02,119.0
DGGZ5AISpIC,vinfast.indonesia,2025-02-15,"Ayo join VinLive dan VinTalk bersama @sarwendah29 dan @jasondhika dari @cvt.indonesia yang akan mengupas mobil listrik VinFast VF 3 dari keunggulan hingga promo menarik kami! ✨

Set your reminder:
🗓️ Minggu, 16 Februari 2025
🕢 19:0020:30 WIB
🤳🏻 IG @sarwendah29 & @vinfast.indonesia
🤳🏻 TikTok @sarwendahofficial @vinfastindonesia

Ikuti live streamnya dan dapatkan penawaran serta kejutan eksklusif:
🎁 Samsung Galaxy Z Fold 6 dan ragam hadiah ewallet selama sesi live stream

Jangan sampai ketinggalan ya, VinFam. See you 👋🏻
VinFast, EV for Everyone.",Image,1,73.0,3.0,,0.0,0.0,#VinFastIndonesia #VinFast #LivingUnbound #UnboundComfort #YourDriveYourVibe #MobilListrik #VinFastVFe34 #VinFastVF5 #EVforEveryone #VinFastEVForEveryone,https://www.instagram.com/sarwendah29/ https://www.instagram.com/jasondhika/ https://www.instagram.com/cvt.indonesia/,,https://www.instagram.com/p/DGGZ5AISpIC/,45763,35200,2025-02,76.0
DGHrd7VOBdf,vinfast.indonesia,2025-02-16,"VinFast VF 3 yang ditunggutunggu akhirnya resmi rilis di Indonesia! 🚗🇮🇩

Dengan harga Rp227,650,000 (battery included), dapatkan exclusive cashback Rp37,850,000* untuk 1.000 pembeli pertama dan 90% Flexible Resale Value Guarantee.

Ada juga pilihan warna premium yang bisa VinFam dapatkan dengan tambahan biaya.

Order VF 3 sekarang via hotline bebas pulsa: 1500083.
VinFast, EV for Everyone.

Kunjungi VinFast Arena untuk test drive:
📍 Hall C3 & Pre Function Hall D, JIExpo Kemayoran
🗓️ 1323 Februari 2025

*Valid untuk 1,000 pembeli pertama sebelum 30 Juni 2025 dan transaksi tanpa benefit 3 tahun free charging.",Image,1,203.0,36.0,,0.0,0.0,#VinFastIndonesia #VinFast #EVforEveryone #VinFastEVForEveryone #MobilListrik #LivingUnbound #UnboundImagination #VinFastVF3,,,https://www.instagram.com/p/DGHrd7VOBdf/,45763,35200,2025-02,239.0
DGN8lbbMV8,vinfast.indonesia,2025-02-18,"Sekarang saatnya kamu rasakan imajinasi tak terbatas dengan test drive VinFast VF 3 di @iims_id, VinFam! 🚗⚡

Kunjungi VinFast Arena dan daftarkan diri kamu untuk test drive pada VinSales yang bertugas, ya.

Dapatkan kesempatan memenangkan Voucher @xanhsm.id, layanan taksi listrik pertama di Indonesia untuk setiap test drive.

VinFast Arena:
📍 Hall C3 & Pre Function Hall D, JIExpo Kemayoran
🗓️ 1323 Februari 2025

Order VF 3 dengan harga Rp227,650,000 dan dapatkan cashback Rp37,850,000 sekarang via hotline bebas pulsa: 1500083.
VinFast, EV for Everyone.
",Video,1,61.0,7.0,8.412,0.0,0.0,#VinFastIndonesia #VinFast #EVforEveryone #VinFastEVForEveryone #MobilListrik #LivingUnbound #UnboundImagination #VinFastVF3 #IIMS2025,https://www.instagram.com/iims_id/ https://www.instagram.com/id.greensm/,,https://www.instagram.com/p/DGN8lbbMV8/,45763,35200,2025-02,68.0
DGQI0NYJaRM,vinfast.indonesia,2025-02-19,"Mau test drive VinFast VF 3, VF 5, dan VF e34 sekaligus? Waktu yang tepat untuk berkunjung ke booth VinFast di @iims_id! 🚗⚡

Dapatkan kesempatan memenangkan Voucher @xanhsm.id, layanan taksi listrik pertama di Indonesia untuk setiap test drive.

VinFast Arena:
📍 Hall C3 & Pre Function Hall D, JIExpo Kemayoran
🗓️ 1323 Februari 2025

VinFast, EV for Everyone.",Image,1,39.0,0.0,,0.0,0.0,#VinFastIndonesia #VinFast #EVforEveryone #VinFastEVForEveryone #MobilListrik #LivingUnbound #UnboundImagination #VinFastVF3 #IIMS2025,https://www.instagram.com/iims_id/ https://www.instagram.com/id.greensm/,,https://www.instagram.com/p/DGQI0NYJaRM/,45763,35200,2025-02,39.0
DGSeEg8iv7h,vinfast.indonesia,2025-02-20,"Siapa yang udah test drive VF 3 di @iims_id?

Coba lihat lagi lineup VF 3 di IIMS 2025, yuk! Selain VF 3, kamu juga bisa test drive VF 5 dan VF e34, ya.

Share mobil VinFast idaman kamu di komen, dong!

Order VF 3 sekarang via hotline bebas pulsa: 1500083.
VinFast, EV for Everyone.",Video,1,60.0,2.0,4.898,0.0,0.0,#VinFastIndonesia #VinFast #EVforEveryone #VinFastEVForEveryone #MobilListrik #LivingUnbound #UnboundImagination #VinFastVF3,https://www.instagram.com/iims_id/,,https://www.instagram.com/p/DGSeEg8iv7h/,45763,35200,2025-02,62.0
DGSoKUWI9qw,vinfast.indonesia,2025-02-20,"Ada activity seru apa aja sih di booth VinFast di @iims_id? Banyak dong, VinFam!

Dari mulai test drive, cycling racing game, pink ballon & chocolate giveaway, playground, VinKids Corner, Football Under the Table, Customized Tshirt for Booking Orders, dan banyak lainnya.

Jangan lupa kunjungi booth VinFast di:
📍 Hall C3 & Pre Function Hall D, JIExpo Kemayoran
🗓️ 1323 Februari 2025

VinFast, EV for Everyone.",Video,1,26.0,0.0,3.237,0.0,0.0,#VinFastIndonesia #VinFast #EVforEveryone #VinFastEVForEveryone #MobilListrik #LivingUnbound #UnboundComfort #YourDriveYourVibe #UnboundImagination #IIMS2025,,,https://www.instagram.com/reel/DGSoKUWI9qw/,45763,35200,2025-02,26.0
DGUzcEgPQNm,vinfast.indonesia,2025-02-21,"Ini dia kesan para VinFam yang udah SPK VinFast VF 3!

Dari warnawarna yang stylish, driving experience yang smooth, sampai interior yang lega untuk ukuran compact, semua emang bikin Tiny Titan ini mudah disukai 🫶🏻.

Test drive VF 3 di @iims_id sekarang:
📍 Hall C3 & Pre Function Hall D, JIExpo Kemayoran
🗓️ 1323 Februari 2025

Order VF 3 dengan harga Rp227,650,000 dan dapatkan cashback Rp37,850,000 sekarang via hotline bebas pulsa: 1500083.
VinFast, EV for Everyone.",Video,1,25.0,0.0,4.159,0.0,0.0,#VinFastIndonesia #VinFast #EVforEveryone #VinFastEVForEveryone #MobilListrik #LivingUnbound #UnboundImagination #VinFastVF3,https://www.instagram.com/iims_id/,,https://www.instagram.com/reel/DGUzcEgPQNm/,45763,35200,2025-02,25.0
DGU8qkHtLJ5,vinfast.indonesia,2025-02-21,"Terima kasih untuk 1,000 Test Drive VF 3 di @iims_id, VinFam!

Bagaimana pengalaman mengendarai our Tiny Titan? Kamu masih bisa melakukan test drive IIMS hingga hari Minggu ini, ya.

Kunjungi VinFast Arena:
📍 Hall C3 & Pre Function Hall D, JIExpo Kemayoran
🗓️ 1323 Februari 2025

Order VF 3 dengan harga Rp227,650,000 dan dapatkan cashback Rp37,850,000 sekarang via hotline bebas pulsa: 1500083.

VinFast, EV for Everyone.
",Video,1,57.0,1.0,5.606,0.0,0.0,#VinFastIndonesia #VinFast #EVforEveryone #VinFastEVForEveryone #MobilListrik #LivingUnbound #UnboundComfort #YourDriveYourVibe #UnboundImagination #IIMS2025,https://www.instagram.com/iims_id/,,https://www.instagram.com/p/DGU8qkHtLJ5/,45763,35200,2025-02,58.0
DGVOelnJ36d,vinfast.indonesia,2025-02-21,"Charge mobil listrik VinFast ternyata free and easy banget, VinFam!

✅ Free: Bagi pengguna mobil listrik VinFast VF e34 dan VF 5 bisa melakukan Free Charging di VGreen Charging Station hingga Desember 2027.

✅ Easy: Tinggal plug charging gun tanpa aplikasi, langsung ngecharge deh! Baterai terisi dalam 27 menit (untuk VF e34) atau 30 menit (untuk VF 5) aja! Cepat dan hemat.

Saat ini, terdapat 840 lokasi charging station dengan 1.595 charging gun, yang akan menjadi 30,000 charging gun di tahun 2025 ini!

Nikmati kemudahan dan kenyamanan berkendara listrik dengan jaringan VGreen Charging Station yang terus berkembang.

VinFast, EV for Everyone.",Video,1,133.0,15.0,9.217,0.0,0.0,#VinFastIndonesia #VinFast #EVforEveryone #VinFastEVForEveryone #MobilListrik #LivingUnbound #UnboundComfort #YourDriveYourVibe #VinFastVFe34 #VinFastVF5 #IIMS2025 #VGreen,,,https://www.instagram.com/p/DGVOelnJ36d/,45763,35200,2025-02,148.0
DGVb5pTNplP,vinfast.indonesia,2025-02-21,"Vin Your Style di VinFast Arena @iims_id kemarin seru banget! ✨

Terima kasih untuk @just.yumi dan fashion community yang berkunjung ke VinFast Arena untuk sharing mengenai fashion dan lebih mengenal 8 pilihan warna VF 3 yang sesuai dengan fashion style mereka.

Ada juga @tyasmirasih yang datang berkunjung buat SPK VF 3!

Jangan sampai ketinggalan keseruan weekend terakhir IIMS, ya. Kunjungi VinFast Arena:
📍 Hall C3 & Pre Function Hall D, JIExpo Kemayoran
🗓️ 1323 Februari 2025

VinFast, EV for Everyone.",Video,1,69.0,10.0,5.161,0.0,0.0,#VinFastIndonesia #VinFast #EVforEveryone #VinFastEVForEveryone #MobilListrik #LivingUnbound #UnboundComfort #YourDriveYourVibe #UnboundImagination #IIMS2025,https://www.instagram.com/tyasmirasih/ https://www.instagram.com/just.yumi/  https://www.instagram.com/iims_id/,,https://www.instagram.com/p/DGVb5pTNplP/,45763,35200,2025-02,79.0
DGW4iJwobLF,vinfast.indonesia,2025-02-22,"Good news buat kamu pemilik VF e34 dan VF 5, VinFam!

Setiap pembelian VF e34 dan VF 5 akan mendapatkan Free Charging di VGreen Charging Station hingga Desember 2027.

Saat ini, terdapat 840 lokasi charging station dengan 1.595 charging gun, yang akan menjadi 30,000 charging gun di tahun 2025 ini!

Nikmati kemudahan dan kenyamanan berkendara listrik dengan jaringan VGreen Charging Station yang terus berkembang.

Test drive VF e34 dan VF 5 di @iims_id sekarang:
📍 Hall C3 & Pre Function Hall D, JIExpo Kemayoran
🗓️ 1323 Februari 2025

VinFast, EV for Everyone.",Image,1,43.0,4.0,,0.0,0.0,#VinFastIndonesia #VinFast #EVforEveryone #VinFastEVForEveryone #MobilListrik #LivingUnbound #UnboundComfort #YourDriveYourVibe #VinFastVFe34 #VinFastVF5 #IIMS2025 #VGreen,,,https://www.instagram.com/p/DGW4iJwobLF/,45763,35200,2025-02,47.0
DGX5aLHOJOl,vinfast.indonesia,2025-02-22,"Lebih dari 1,000 VinFam sudah test drive di @iims_id dan menyukai Our Tiny Titan!

Terima kasih untuk VinFam yang sudah mengunjungi VinFast Arena dan test drive di @iims_id. VF 3 akan segera tersedia di showroomshowroom VinFast agar seluruh VinFam di Indonesia juga bisa test drive VF 3, ya!

Hanya dengan Booking Fee Rp3 juta, kamu bisa melakukan order VF 3 seharga Rp227,650,000 dan dapatkan cashback Rp37,850,000. Hubungi kami sekarang via hotline bebas pulsa: 1500083.

VinFast, EV for Everyone.",Image,1,81.0,1.0,,0.0,0.0,#VinFastIndonesia #VinFast #EVforEveryone #VinFastEVForEveryone #MobilListrik #LivingUnbound #UnboundImagination #VinFastVF3 #IIMS2025,https://www.instagram.com/iims_id/,,https://www.instagram.com/p/DGX5aLHOJOl/,45763,35200,2025-02,82.0
DGaJ6fcyzCU,vinfast.indonesia,2025-02-23,"Thank you @iims_id for awarding VinFast as Best Booth New Area for Passenger Cars and Most Tested Car Choices!

Penghargaan ini menjadi bukti nyata komitmen VinFast dalam menghadirkan inovasi dan pengalaman berkendara terbaik bagi seluruh VinFam. Kami berharap, pencapaian ini dapat semakin memotivasi kami untuk terus berinovasi dan memberikan kontribusi positif bagi industri otomotif Indonesia.

Terima kasih atas dukungan dan kepercayaan seluruh VinFam!
VinFast, EV for Everyone.",Image,1,103.0,2.0,,0.0,0.0,#VinFastIndonesia #VinFast #EVforEveryone #VinFastEVForEveryone #MobilListrik #LivingUnbound #UnboundImagination #VinFastVF3 #IIMS2025,https://www.instagram.com/iims_id/,,https://www.instagram.com/p/DGaJ6fcyzCU/,45763,35200,2025-02,105.0
DGaMBUINt9r,vinfast.indonesia,2025-02-23,"Apa sih kata orangorang pas lihat VinFast VF 3? Nonton videonya sampai habis ya, VinFam!

Kalau menurut kamu, VF 3 itu seperti apa?

Kamu juga bisa langsung test drive VF 3 di @iims_id:
📍 Hall C3 & Pre Function Hall D, JIExpo Kemayoran
🗓️ 1323 Februari 2025

Order VF 3 dengan harga Rp227,650,000 dan dapatkan cashback Rp37,850,000 sekarang via hotline bebas pulsa: 1500083.
VinFast, EV for Everyone.",Video,1,31.0,0.0,3.113,0.0,0.0,#VinFastIndonesia #VinFast #EVforEveryone #VinFastEVForEveryone #MobilListrik #LivingUnbound #UnboundImagination #VinFastVF3,https://www.instagram.com/iims_id/,,https://www.instagram.com/p/DGaMBUINt9r/,45763,35200,2025-02,31.0
DGcgfZEiNrQ,vinfast.indonesia,2025-02-24,"VinFast VF 3 stickers are now on WhatsApp!

Bikin pesan chatmu jadi sebebas imajinasimu dengan 3 exclusive VF 3 sticker packs. Ada banyak pilihan desain yang lucu, unik, dan pastinya bikin obrolanmu jadi lebih hidup. Download sekarang di https://sticker.ly/user/vinfast.indonesia.

Order VF 3 dengan harga Rp227,650,000 dan dapatkan cashback Rp37,850,000 sekarang via hotline bebas pulsa: 1500083.

VinFast, EV for Everyone.",Video,1,26.0,3.0,3.695,0.0,0.0,#VinFastIndonesia #VinFast #EVforEveryone #VinFastEVForEveryone #MobilListrik #LivingUnbound #UnboundImagination #VinFastVF3,,,https://www.instagram.com/p/DGcgfZEiNrQ/,45763,35200,2025-02,29.0
DGem6cosl3,vinfast.indonesia,2025-02-25,"11 hari yang luar biasa di @iims_id sudah berakhir! 🥳

Berbagai hal telah kita lalui bersama di IIMS 2025 kali ini, dari official launch VF 3; VinLentine’s Day; Penandatanganan MoU bersama @pssi @timnasindonesia; 1,000++ test drive VF 3; berbagai activity di VinFast Arena; hingga VinFast meraih 2 penghargaan IIMS sebagai Best Booth New Area for Passenger Cars and Most Tested Car Choices.

VinFast mengucapkan terima kasih yang sebesarbesarnya kepada seluruh VinFam, pengunjung, dan semua pihak yang telah memeriahkan VinFast Arena. Antusiasme dan dukungan kalian menjadi energi positif yang tak ternilai bagi kami.

Sampai jumpa di keseruan berikutnya! 👋🏻
VinFast, EV for Everyone.",Image,6,234.0,9.0,,0.0,0.0,#VinFastIndonesia #VinFast #EVforEveryone #VinFastEVForEveryone #MobilListrik #LivingUnbound #UnboundImagination #VinFastVF3 #IIMS2025,https://www.instagram.com/erickthohir/ https://www.instagram.com/iims_id/,,https://www.instagram.com/p/DGem6cosl3/?img_index=1,45763,35200,2025-02,243.0
DGiQHOotYwe,vinfast.indonesia,2025-02-26,"Gak hanya nyaman, interior VF 3 juga fungsional banget, VinFam!

Layar 10 inchnya memudahkan kamu mengakses berbagai fitur hiburan dan informasi kendaraan. Kursi belakang yang bisa dilipat juga bikin VF 3 cocok buat kamu yang sering bawa barang banyak. Interiornya yang modern dan lega ini juga bisa bikin kamu tetap nyaman.

Jadi, meskipun ukurannya compact, VF 3 tetap bisa kamu andalkan untuk berbagai kebutuhanmu.

Hanya dengan Booking Fee Rp3 juta, kamu bisa melakukan order VF 3 seharga Rp227,650,000 dan dapatkan cashback Rp37,850,000. Hubungi kami sekarang via hotline bebas pulsa: 1500083.

VinFast, EV for Everyone.",Video,1,43.0,0.0,3.474,0.0,0.0,#VinFastIndonesia #VinFast #EVforEveryone #VinFastEVForEveryone #MobilListrik #LivingUnbound #UnboundImagination #VinFastVF3,,,https://www.instagram.com/p/DGiQHOotYwe/,45765,35200,2025-02,43.0
DGieqkwKBn9,vinfast.indonesia,2025-02-26,"Masih gagal move on dari @iims_id 2025!

Terima kasih VinFam telah membuat perjalanan baru VF 3 di Indonesia menjadi lebih berkesan. Sambutan kalian sangat hangat membuat kami semakin semangat untuk terus memberikan kontribusi yang lebih baik bagi VinFam dan Indonesia.

Kami tidak sabar melanjutkan petualangan yang lebih seru bersama VinFam semua!

Stay tuned di media sosial VinFast Indonesia, ya!

VinFast, EV for Everyone.",Video,1,56.0,2.0,3.659,0.0,0.0,#VinFastIndonesia #VinFast #EVforEveryone #VinFastEVForEveryone #MobilListrik #LivingUnbound #UnboundImagination #VinFastVF3 #IIMS2025,https://www.instagram.com/iims_id/ https://www.instagram.com/motomobitv/,,https://www.instagram.com/p/DGieqkwKBn9/,45765,35200,2025-02,58.0
DGkTP4iPAtT,vinfast.indonesia,2025-02-27,"VinFast VF e34 juga tak kalah menarik perhatian para pengunjung @iims_id 2025!

Seperti apa kesan mereka terhadap mobil listrik VinFast yang memiliki interior luas ini? Simak videonya sampai akhir ya, VinFam!

VinFast, EV for Everyone.",Video,1,33.0,2.0,2.701,0.0,0.0,#VinFastIndonesia #VinFast #EVforEveryone #VinFastEVForEveryone #MobilListrik #LivingUnbound #UnboundComfort #VinFastVFe34 #IIMS2025,https://www.instagram.com/iims_id/,,https://www.instagram.com/p/DGkTP4iPAtT/,45765,35200,2025-02,35.0
DGlITWxT4sx,vinfast.indonesia,2025-02-27,"VinFast VF 3 hadir dengan berbagai fitur canggih yang siap menemani petualanganmu seharihari, VinFam!

Dengan ukuran yang compact, Tiny Titan ini tetap mengutamakan kenyamanan dan keamanan pengemudi serta penumpang.

So, what are you waiting for?

Hanya dengan Booking Fee Rp3 juta, kamu bisa melakukan order VF 3 seharga Rp227,650,000 dan dapatkan cashback Rp37,850,000. Hubungi kami sekarang via hotline bebas pulsa: 1500083.

VinFast, EV for Everyone.
",Video,1,49.0,0.0,3.456,0.0,0.0,#VinFastIndonesia #VinFast #EVforEveryone #VinFastEVForEveryone #MobilListrik #LivingUnbound #UnboundImagination #VinFastVF3,,,https://www.instagram.com/p/DGlITWxT4sx/,45765,35200,2025-02,49.0
DGmVX1bucbZ,vinfast.indonesia,2025-02-28,"Antusiasme pengunjung @iims_id pada VinFast VF 3 luar biasa banget!

Bapak Doni dari Jakarta melakukan 25 SPK VinFast VF 3 dan VF e34 secara langsung! Ada juga beberapa testimoni para VinFam yang sudah test drive Tiny Titan ini. Yuk tonton videonya sampai selesai.

Hanya dengan Booking Fee Rp3 juta, kamu bisa melakukan order VF 3 seharga Rp227,650,000 dan dapatkan cashback Rp37,850,000. Hubungi kami sekarang via hotline bebas pulsa: 1500083.

VinFast, EV for Everyone.",Video,1,71.0,2.0,4.658,0.0,0.0,#VinFastIndonesia #VinFast #EVforEveryone #VinFastEVForEveryone #MobilListrik #LivingUnbound #UnboundImagination #VinFastVF3,,,https://www.instagram.com/p/DGmVX1bucbZ/,45765,35200,2025-02,73.0
DGnfCzRtxE8,vinfast.indonesia,2025-02-28,"Marhaban Ya Ramadan! 🌙🕌

Di momen yang penuh makna ini, VinFast ingin mengajak VinFam untuk merenungkan kembali perjalanan hidup, memperkuat iman, dan menyebarkan kebaikan.

Ayo jadikan Ramadan kali ini sebagai momen untuk mengendarai imajinasi tanpa batas, membawa kita pada perjalanan refleksi yang mendalam.

VinFast, EV for Everyone.",Image,1,67.0,0.0,,0.0,0.0,#VinFastIndonesia #VinFast #EVforEveryone #VinFastEVForEveryone #MobilListrik #LivingUnbound #UnboundImagination #VinFastVF3,,,https://www.instagram.com/p/DGnfCzRtxE8/,45765,35200,2025-02,67.0
DGpIHhwy6jz,vinfast.indonesia,2025-03-01,"VinFast kini hadir di jalanan Jakarta! 🚗💨

Kami membawa mobil listrik kami menjelajahi setiap sudut kota Jakarta.
Siap memberikan pengalaman baru di dunia otomotif yang ramah lingkungan.

Spot us around Jakarta!

VinFast, EV for Everyone.",Image,3,102.0,2.0,,0.0,0.0,#VinFastIndonesia #VinFast #VF3ROADSHOW #EVforEveryone #VinFastEVForEveryone #MobilListrik #LivingUnbound #UnboundImagination #VinFastVF3,,,https://www.instagram.com/p/DGpIHhwy6jz/?img_index=1,45765,35200,2025-03,104.0
DGutxZ5MIuD,vinfast.indonesia,2025-03-03,"Ayo lihat VinFast VF 3 lebih dekat di jalanan Jakarta! 🚗

Our Tiny Titan ini akan berkeliling 4 rute di Jakarta selama 2 minggu hingga 15 Maret 2025 di sekitaran Sudirman, Blok M, PIK Route, dan Kelapa Gading.

Ada yang sudah bertemu VinFast VF 3 Special Custom Design ini di jalanan? Komen di bawah, ya!

VinFast, EV for Everyone.",Video,1,110.0,7.0,5.601,0.0,0.0,#VinFastIndonesia #VinFast #VF3ROADSHOW #EVforEveryone #VinFastEVForEveryone #MobilListrik #LivingUnbound #UnboundImagination #VinFastVF3,,,https://www.instagram.com/reel/DGutxZ5MIuD/,45765,35200,2025-03,117.0
DGxhLYEIj_S,vinfast.indonesia,2025-03-04,"Lihat lebih dekat VinFast VF 3 Special Custom Design!

2 Tiny Titan yang sudah dimodif ini masih akan berkeliling Jakarta hingga 15 Maret 2025, VinFam. Kamu bisa menemukan kedua mobil listrik ini di rute:
🚗 Sudirman: Monas, Bundaran HI, GBK
🚗 Blok M: Blok M, Lotte Fatmawati
🚗 PIK: PIK Avenue, Pantjoran, Pluit Village
🚗 Kelapa Gading: MOI, MKG

Ayo dapatkan inspirasi untuk memodif VF 3 milikmu!

Miliki VF 3 hanya dengan Booking Fee Rp3 juta! Hubungi kami sekarang via hotline bebas pulsa: 1500083.

VinFast, EV for Everyone.",Video,1,54.0,0.0,4.383,0.0,0.0,#VinFastIndonesia #VinFast #VF3ROADSHOW #EVforEveryone #VinFastEVForEveryone #MobilListrik #LivingUnbound #UnboundImagination #VinFastVF3,,,https://www.instagram.com/p/DGxhLYEIj_S/,45765,35200,2025-03,54.0
DGzVei3zBEa,vinfast.indonesia,2025-03-05,"VinFam, saatnya tunjukin imajinasi tanpa batas kamu! Ayo ikut Unbound Creativity Competition: Flexing Kreativitasmu dan kreasikan style kamu, akan ada satu unit VinFast VF 3 untuk kamu yang berhasil bikin karya sekreatif mungkin!

Tunggu info lengkapnya di media sosial VinFast Indonesia pada 10 Maret 2025 dan siapkan kreativitas tanpa batasmu untuk memenangkan Tiny Titan ini. 😎

VinFast, EV for Everyone.",Image,1,94.0,9.0,,0.0,0.0,#VinFastIndonesia #VinFast #EVforEveryone #VinFastEVForEveryone #MobilListrik #LivingUnbound #UnboundImagination #VinFastVF3 #FlexingKreativitasmu,,,https://www.instagram.com/p/DGzVei3zBEa/,45765,35200,2025-03,103.0
DG2xvlmy1Jr,vinfast.indonesia,2025-03-06,"Selamat Berpuasa dan Berhari Raya! 🌙🎉

Dalam semangat Ramadan, VinFast Indonesia mempersembahkan penawaran spesial untuk Anda!

Dan dapatkan VF 3 sebelum Lebaran

Syarat dan ketentuan berlaku. Kunjungi dealer VinFast terdekat untuk informasi lebih lanjut.
90% resale value: Berlaku untuk pembelian kembali atau tukar tambah kendaraan VinFast dalam waktu 6 bulan saja, syarat dan ketentuan diperlukan.

Jangan lewatkan kesempatan ini! Kunjungi kami hari ini dan rasakan pengalaman berkendara hijau yang lebih cerdas dan lebih terjangkau. 🚗💚

VinFast, EV for Everyone.",Image,3,89.0,6.0,,0.0,0.0,#VinFastIndonesia #VinFast #EVforEveryone #VinFastEVForEveryone #MobilListrik #LivingUnbound,,,https://www.instagram.com/p/DG2xvlmy1Jr/?img_index=1,45765,35200,2025-03,95.0
DG4jhGssCyh,vinfast.indonesia,2025-03-07,"Terima kasih VinFam untuk antusiasme terhadap VinFast VF 3 di @iims_id 2025!

Keberhasilan ini menjadi motivasi bagi kami untuk terus berinovasi dan menghadirkan produkproduk terbaik bagi konsumen di Indonesia. Kami percaya, VF 3 akan menjadi pilihan utama di segmen mobil listrik compact, dan penghargaan 'Most Tested Choice Car' ini semakin memperkuat keyakinan kami.

Ayo bersamasama menciptakan masa depan yang lebih hijau bersama VinFast!

VinFast, EV for Everyone.",Video,1,46.0,0.0,4.226,0.0,0.0,#VinFastIndonesia #VinFast #EVforEveryone #VinFastEVForEveryone #MobilListrik #LivingUnbound #UnboundImagination #VinFastVF3,https://www.instagram.com/iims_id/,,https://www.instagram.com/p/DG4jhGssCyh/,45765,35200,2025-03,46.0
DG5B8MpOv0W,vinfast.indonesia,2025-03-07,"VinFam, ini saatnya memasuki dunia kreativitas tanpa batas! ✨

Siapkan dirimu untuk menjadikan VinFast VF 3 inspirasi bagi kreasi tanpa batas. Nantikan pengumuman dari VinFast Indonesia pada 10 Maret 2025. Set reminder dan jangan lewatkan kesempatan untuk menjadi bagian dari sesuatu yang luar biasa!

VinFast, EV for Everyone.

*Modifikasi kendaraan tidak boleh mengganggu sistem kelistrikan kendaraan.",Image,4,103.0,3.0,,0.0,0.0,#VinFastVF3 #ImajinasiTanpaBatas #FlexingKreativitasmu #VinFastIndonesia #VinFast #EVforEveryone #VinFastEVForEveryone #MobilListrik #LivingUnbound #UnboundImagination,,,https://www.instagram.com/p/DG5B8MpOv0W/?img_index=1,45765,35200,2025-03,106.0
DG5mpOXN1mG,vinfast.indonesia,2025-03-07,"Miliki VF 3 dengan Exclusive Cashback sebesar Rp37,850,000 dan 90% Flexible Resale Value Guarantee!

Dengan booking fee hanya sebesar Rp3 juta, kamu sudah bisa membawa Tiny Titan ini dan menjadikan imajinasimu tanpa batas dalam setiap perjalanan.

Order VinFast VF 3 sekarang mulai dari Rp192,280,000* via hotline bebas pulsa: 1500083.

VinFast, EV for Everyone.

*Tersedia pilihan warna premium dengan tambahan harga.
**Harga termasuk baterai dan berlaku bagi 1,000 pembeli pertama atau sebelum 30 Juni 2025.
***S&K berlaku.
",Image,1,89.0,7.0,,0.0,0.0,#VinFastIndonesia #VinFast #EVforEveryone #VinFastEVForEveryone #MobilListrik #LivingUnbound #UnboundImagination #VinFastVF3,,,https://www.instagram.com/p/DG5mpOXN1mG/,45765,35200,2025-03,96.0
DG7oCiouSxD,vinfast.indonesia,2025-03-08,"VinFast semakin dekat denganmu di bulan Ramadan ini, VinFam!

Jangan lupa datang ke mall exhibition VinFast di 3 kota ini dan test drive mobil listrik impianmu sekarang:

📍 @sms_serpong
🗓️ 39 Maret 2025

📍 @transstudiomallbandung
🗓️ 1016 Maret 2025

📍 @centralparkmall, Atrium LG Floor
🗓️ 1016 Maret 2025
🚗 VF 3

📍 @ciputraworldsby
🗓️ 1723 Maret 2025

Ayo mampir ke booth VinFast dan rasakan pengalaman berkendara yang baru!

VinFast, EV for Everyone.
",Image,3,65.0,3.0,,0.0,0.0,#VinFastIndonesia #VinFast #EVforEveryone #VinFastEVForEveryone #MobilListrik #LivingUnbound #UnboundImagination,https://www.instagram.com/sms_serpong/,,https://www.instagram.com/p/DG7oCiouSxD/?img_index=1,45765,35200,2025-03,68.0
DG8GlPzIQDr,vinfast.indonesia,2025-03-08,"VinFam, siapsiap karena VinFast VF 3 akan datang untuk membuatmu berimajinasi tanpa batas!

Nah, sekarang giliranmu! Ikuti kompetisi Flexing Kreativitasmu dan menangkan VinFast VF 3 dengan style kamu🚗⚡️!

Tungguin 10 Maret 2025 dan siapkan kreativitas tanpa batasmu untuk menangin Tiny Titan!

VinFast, EV for Everyone.",Video,1,90.0,0.0,6.024,0.0,0.0,#VinFastIndonesia #VinFast #EVforEveryone #VinFastEVForEveryone #MobilListrik #LivingUnbound #UnboundImagination #VinFastVF3 #FlexingKreativitasmu,,,https://www.instagram.com/p/DG8GlPzIQDr/,45765,35200,2025-03,90.0
DGQjlHK7H5,vinfast.indonesia,2025-03-09,"Are You Ready, VinFam?

Siapsiap untuk berimajinasi tanpa batas dengan ikutan kompetisi Flexing Kreativitasmu!

Berikan karya terbaikmu dan menangkan kesempatan untuk mendapatkan VinFast VF 3 🚗⚡️!

Catat tanggalnya, 10 Maret!

VinFast, EV for Everyone.",Video,1,59.0,6.0,5.194,0.0,0.0,#VinFastIndonesia #VinFast #EVforEveryone #VinFastEVForEveryone #MobilListrik #LivingUnbound #UnboundImagination #VinFastVF3 #FlexingKreativitasmu,,,https://www.instagram.com/p/DGQjlHK7H5/,45765,35200,2025-03,65.0
DHD1QSApDVA,vinfast.indonesia,2025-03-11,"VinFast & BNI:
Menuju Masa Depan Lebih Hijau🚗🍃

VinFast dan BNI bersinergi untuk mempercepat transisi hijau di Indonesia!

Melalui kemitraan bersama ini kami akan mengadakan kampanye dan inisiatif strategis untuk membuat EV lebih mudah diakses, berkontribusi pada tujuan Net Zero Indonesia dan masa depan yang berkelanjutan.

Kini giliranmu untuk membuat misi ini menjadi nyata!

VinFast, EV for Everyone.",Image,3,113.0,7.0,,0.0,0.0,#VinFastIndonesia #VinFast #EVforEveryone #VinFastEVForEveryone #MobilListrik #LivingUnbound #UnboundImagination,https://www.instagram.com/bni46/,,https://www.instagram.com/p/DHD1QSApDVA/?img_index=1,45765,35200,2025-03,120.0
DHIrX13NIWp,vinfast.indonesia,2025-03-13,"VF 3 masih akan berkeliling Jakarta sampai 15 Maret 2025!

Coba absen dulu nih, pada berhasil nemuin VF 3 lagi keliling di mana? Komen di bawah ya, VinFam!

VinFast, EV for Everyone.",Image,1,69.0,0.0,,0.0,0.0,#VinFastIndonesia #VinFast #VF3ROADSHOW #EVforEveryone #VinFastEVForEveryone #MobilListrik #LivingUnbound #UnboundImagination #VinFastVF3 #VF3RoadshowJakarta,,,https://www.instagram.com/p/DHIrX13NIWp/,45765,35200,2025-03,69.0
DHLLFpEtnLa,vinfast.indonesia,2025-03-14,"Wah! Ada yang baru tiba di Indonesia nih, VinFam! 🤩

2.500 mobil listrik VinFast telah dikirimkan ke Indonesia dari Pelabuhan Hai Phong, Vietnam, menggunakan kapal khusus Silver Queen pada 8 Maret 2025 lalu.

Mobilmobil ini akan didistribusikan ke dealer dan VinFam menjelang Lebaran agar kita dapat menjadi bagian dari perjalanan hijau yang ramah lingkungan.

Let’s be a part of a greener driving sensation with us!
VinFast, EV for Everyone.
",Image,2,161.0,4.0,,0.0,0.0,#VinFastIndonesia #VinFast #EVforEveryone #VinFastEVForEveryone #MobilListrik #LivingUnbound #UnboundImagination,,,https://www.instagram.com/p/DHLLFpEtnLa/?img_index=1,45765,35200,2025-03,165.0
DHS7Zcwp8Ma,vinfast.indonesia,2025-03-17,"Saatnya driving yang lebih enjoy dengan VinFast VF 3!

Tandanya VF 3 udah pasti bisa menjadi partner yang tepat untuk jalanjalan sore atau bahkan late night drive!

Jadi, ini saatnya untuk cobain VF 3 sekarang!

VinFast, EV for Everyone.",Video,1,24.0,0.0,2.298,0.0,0.0,#VinFastIndonesia #VinFast #VF3ROADSHOW #EVforEveryone #VinFastEVForEveryone #MobilListrik #LivingUnbound #UnboundImagination #VinFastVF3 #VF3RoadshowJakarta,,,https://www.instagram.com/p/DHS7Zcwp8Ma/,45765,35200,2025-03,24.0
DHVCHuNistM,vinfast.indonesia,2025-03-18,"VF 3 Roadshow di Jakarta telah berakhir 15 Maret 2025 lalu, VinFam!

VF 3 berhasil mencuri perhatian di jalanan dengan desainnya yang kontemporer, body compact, dan warna yang mencolok.
Setelah berkeliling Jakarta, kirakira apa lagi gebrakan dari Tiny Titan ini, ya?

Stay tuned di media sosial VinFast Indonesia!
VinFast, EV for Everyone.",Video,1,84.0,3.0,3.429,0.0,0.0,#VinFastIndonesia #VinFast #VF3ROADSHOW #EVforEveryone #VinFastEVForEveryone #MobilListrik #LivingUnbound #UnboundImagination #VinFastVF3,,,https://www.instagram.com/p/DHVCHuNistM/,45765,35200,2025-03,87.0
DHVtRDuiXwx,vinfast.indonesia,2025-03-18,"VinFam, saatnya tunjukin kreativitasmu dan jadi bagian dari imajinasi tanpa batas VinFast VF 3!

Ikuti VF 3 Competition: Flexing Kreativitasmu dan ekspresikan dirimu lewat karyakarya unik. Cek info lengkapnya di https://linktr.ee/vinfastflexingkreativitasmu atau klik link di bio dan submit kreasi kamu sebelum 10 April 2025 ya!

VinFast, EV for Everyone.",Video,1,150.0,2.0,5.942,0.0,0.0,#VinFastVF3 #ImajinasiTanpaBatas #FlexingKreativitasmu #VinFastIndonesia #VinFast #EVforEveryone #VinFastEVForEveryone #MobilListrik #LivingUnbound #UnboundImagination,,,https://www.instagram.com/p/DHVtRDuiXwx/,45765,35200,2025-03,152.0
DHXayzqiwFM,vinfast.indonesia,2025-03-19,"VinFast VF 3 mejeng di layarlayar raksasa Jakarta!

Tiny Titan ini siap menggebrak Jakarta dan menjadi bagian dari gaya hidup urban yang dinamis. Siapa yang udah lihat VF di lokasilokasi ini? Absen dong kamu ngeliat langsung yang di lokasi mana?

VinFast, EV for Everyone.",Video,1,27.0,2.0,1.903,0.0,0.0,#VinFastIndonesia #VinFast #EVforEveryone #VinFastEVForEveryone #MobilListrik #LivingUnbound #UnboundImagination #VinFastVF3,,,https://www.instagram.com/p/DHXayzqiwFM/,45765,35200,2025-03,29.0
DHYEBJ2CdZc,vinfast.indonesia,2025-03-19,"Submit karya imajinasi tanpa batasmu dalam kompetisi Flexing Kreativitasmu🤩🚗

Tunjukkan karyamu yang terinspirasi dari VinFast VF 3⚡️ Kamu bisa dance, ambil foto yang aesthetic, merekam video, menulis musik, fashion, bahkan lainnya!

Kalo bingung, nih kita kasih beberapa referensi biar imajinasimu bergerak bebas!

Kita tunggu ya!

VinFast, EV for Everyone.",Video,1,43.0,0.0,35200.0,0.0,0.0,#VinFastVF3 #ImajinasiTanpaBatas #FlexingKreativitasmu #VinFastIndonesia #VinFast #EVforEveryone #VinFastEVForEveryone #MobilListrik #LivingUnbound #UnboundImagination,,,https://www.instagram.com/p/DHYEBJ2CdZc/,45765,35200,2025-03,43.0
DHYX2uCgiy,vinfast.indonesia,2025-03-19,"Lepaskan semua batasan kreatifmu di VF 3 Competition: Flexing Kreativitasmu, VinFam!

Ayo tunjukkan apa yang bisa kamu ciptakan dengan VinFast VF 3. Desain, tari, foto, lagu, atau apapun itu, inilah kanvas dan panggungmu!

Cek info lengkapnya di https://linktr.ee/vinfastflexingkreativitasmu atau klik link di bio dan kirim karya terbaikmu sebelum 10 April 2025.

VinFast, EV for Everyone.",Video,1,66.0,3.0,3.371,0.0,0.0,#VinFastVF3 #ImajinasiTanpaBatas #FlexingKreativitasmu #VinFastIndonesia #VinFast #EVforEveryone #VinFastEVForEveryone #MobilListrik #LivingUnbound #UnboundImagination,,,https://www.instagram.com/p/DHYX2uCgiy/,45765,35200,2025-03,69.0
DHaQ05hvdrh,vinfast.indonesia,2025-03-20,"VF 3 Competition is ON!

Ini waktunya membuat imajinasimu yang tanpa batas pada VinFast VF 3 menjadi kenyataan!

Ayo cek https://linktr.ee/vinfastflexingkreativitasmu atau klik link di bio untuk info lengkap mengenai VF 3 Competition: Flexing Kreativitasmu ya, VinFam.

Segera submit kreasimu sebelum 10 April 2025! 😎
VinFast, EV for Everyone.

*Modifikasi kendaraan tidak boleh mengganggu sistem kelistrikan kendaraan.

VinFast, EV for Everyone.",Image,3,91.0,0.0,,0.0,0.0,#VinFastVF3 #ImajinasiTanpaBatas #FlexingKreativitasmu #VinFastIndonesia #VinFast #EVforEveryone #VinFastEVForEveryone #MobilListrik #LivingUnbound #UnboundImagination,,,https://www.instagram.com/p/DHaQ05hvdrh/?img_index=1,45765,35200,2025-03,91.0
DHa8vhrJqFc,vinfast.indonesia,2025-03-20,"Mau menangin VinFast VF 3 impianmu?
Caranya gampang banget, VinFam!

Ikutan VF 3 Competition: Flexing Kreativitasmu dan tunjukin karya terbaikmu. Bebas berekspresi lewat desain, video, musik, atau lainnya.

Cek info lengkap di https://linktr.ee/vinfastflexingkreativitasmu atau klik link di bio dan submit sebelum 10 April 2025!

VinFast, EV for Everyone",Video,1,411.0,0.0,3.376,0.0,0.0,#VinFastVF3 #ImajinasiTanpaBatas #FlexingKreativitasmu #VinFastIndonesia #VinFast #EVforEveryone #VinFastEVForEveryone #MobilListrik #LivingUnbound #UnboundImagination,,,https://www.instagram.com/reel/DHa8vhrJqFc/,45765,35200,2025-03,411.0
DHcmeq9Pfxq,vinfast.indonesia,2025-03-21,"VinFast kembali memperkuat komitmennya di Indonesia dengan menjalin kemitraan bersama PT Arimbi Amartapura (Amarta), salah satu distributor kendaraan terkemuka di Indonesia! 🇮🇩🎉

Melalui MoU ini, VinFast dan Amarta akan membuka 22 showroom baru selama tahun 2025 sampai 2027, dengan fokus di kotakota besar seperti Jabodetabek dan Bandung. 11 showroom di antaranya direncanakan akan dibuka pada tahun 2025, dengan yang pertama diharapkan diluncurkan pada bulan Maret 2025.

Showroom VinFast ini juga akan dilengkapi dengan fasilitas pengisian daya yang nyaman serta memberikan pengalaman yang baik bagi VinFam semua. Tunggu kehadirannya di kota kamu, ya!

VinFast, EV for Everyone.",Video,1,49.0,0.0,2.323,0.0,0.0,#VinFastIndonesia #VinFast #EVforEveryone #VinFastEVForEveryone #MobilListrik #LivingUnbound #UnboundImagination,,,https://www.instagram.com/p/DHcmeq9Pfxq/,45765,35200,2025-03,49.0
DHdNYsmpe0F,vinfast.indonesia,2025-03-21,"Waktumu untuk ikutan VF 3 Competition: Flexing Kreativitasmu tinggal 3 minggu lagi, VinFam!

Ayo submit karya terbaikmu dan dapatkan kesempatan memenangkan 1 mobil listrik VinFast VF 3.

Cek info lengkapnya di https://linktr.ee/vinfastflexingkreativitasmu atau klik link di bio dan submit sebelum 10 April 2025!

VinFast, EV for Everyone.",Video,1,427.0,2.0,39900.0,0.0,0.0,#VinFastVF3 #ImajinasiTanpaBatas #FlexingKreativitasmu #VinFastIndonesia #VinFast #EVforEveryone #VinFastEVForEveryone #MobilListrik #LivingUnbound #UnboundImagination,,,https://www.instagram.com/p/DHdNYsmpe0F/,45765,35200,2025-03,429.0
DHfnlCnJvjH,vinfast.indonesia,2025-03-22,"Mau cari tempat parkir dengan mudah di jalanan sibuk perkotaan?

VF 3 bisa mempermudah hidup kamu, VinFam! 🥳 Dengan ukuran yang compact, kamu bisa lebih praktis bermanuver di jalanan, masuk gang, atau cari tempat parkir. Desain yang stylish juga bikin kamu jadi lebih pede dan tampil beda.

Miliki VF 3 hanya dengan Booking Fee Rp3 juta! Hubungi kami sekarang via hotline bebas pulsa: 1500083.

VinFast, EV for Everyone.",Image,1,44.0,0.0,,0.0,0.0,#VinFastIndonesia #VinFast #EVforEveryone #VinFastEVForEveryone #MobilListrik #LivingUnbound #UnboundImagination #VinFastVF3,,,https://www.instagram.com/p/DHfnlCnJvjH/,45765,35200,2025-03,44.0
DHh90zzq4aL,vinfast.indonesia,2025-03-23,"VF 3 Competition: Flexing Kreativitasmu ✨🚗

VinFam, inilah kesempatanmu untuk menunjukkan kreativitas tanpa batas dengan VinFast VF 3! Ekspresikan dirimu melalui desain decal, tarian, foto, video, lagu, fashion, atau kreasi unik lainnya.

Jangan sampai kelewatan, ya! Kunjungi https://linktr.ee/vinfastflexingkreativitasmu atau klik link di bio untuk informasi lengkap dan segera kirimkan karyamu sebelum 10 April 2025.

VinFast, EV for Everyone.",Video,1,53.0,8.0,4.013,0.0,0.0,#VinFastVF3 #ImajinasiTanpaBatas #FlexingKreativitasmu #VinFastIndonesia #VinFast #EVforEveryone #VinFastEVForEveryone #MobilListrik #LivingUnbound #UnboundImagination,,,https://www.instagram.com/p/DHh90zzq4aL/,45765,35200,2025-03,61.0
DHiamRXPI74,vinfast.indonesia,2025-03-23,"VinFast VF 3 gak cuma mobil listrik compact biasa, tetapi juga perpaduan sempurna antara desain retro yang stylish dan teknologi modern!

Mulai dari siluet kotak yang mengingatkan kita pada mobilmobil klasik, lampu depan dan belakang yang mengotak, hingga pilihan warna doubletone yang ceria. Semua elemen ini berpadu harmonis menciptakan tampilan yang menarik dan berbeda dari mobil listrik lainnya.

Miliki VF 3 hanya dengan Booking Fee Rp3 juta! Hubungi kami sekarang via hotline bebas pulsa: 1500083.

VinFast, EV for Everyone.",Video,1,37.0,1.0,3.333,0.0,0.0,#VinFastIndonesia #VinFast #EVforEveryone #VinFastEVForEveryone #MobilListrik #LivingUnbound #UnboundImagination #VinFastVF3,,,https://www.instagram.com/p/DHiamRXPI74/,45765,35200,2025-03,38.0
DHngxM5pmgY,vinfast.indonesia,2025-03-25,"VF 3 Competition: Flexing Kreativitasmu DITUTUP 16 HARI LAGI!

Ayo segera submit kreasi terbaikmu untuk mendapatkan kesempatan memenangkan VinFast VF 3 impianmu!

Cek info lengkapnya di https://linktr.ee/vinfastflexingkreativitasmu atau klik link di bio, ya. VinFast tunggu kreasimu sekarang!

VinFast, EV for Everyone.",Video,1,48.0,5.0,70300.0,0.0,0.0,#VinFastVF3 #ImajinasiTanpaBatas #FlexingKreativitasmu #VinFastIndonesia #VinFast #EVforEveryone #VinFastEVForEveryone #MobilListrik #LivingUnbound #UnboundImagination,,,https://www.instagram.com/p/DHngxM5pmgY/,45765,35200,2025-03,53.0
DHpvtYNJaB1,vinfast.indonesia,2025-03-26,"Here are some VF 3 Competition: Flexing Kreativitasmu submissions!

Buat kamu yang juga ingin berpartisipasi buat nunjukin kreasi VF 3 tanpa batasmu, bisa segera cek https://linktr.ee/vinfastflexingkreativitasmu atau klik link di bio, ya.

Ada 1 unit VF 3 menunggu untuk pemenang utama!

Segera submit kreasi kamu sebelum 10 April 2025. ✨

VinFast, EV for Everyone.",Video,1,37.0,0.0,3.094,0.0,0.0,#VinFastVF3 #ImajinasiTanpaBatas #FlexingKreativitasmu #VinFastIndonesia #VinFast #EVforEveryone #VinFastEVForEveryone #MobilListrik #LivingUnbound #UnboundImagination,https://www.instagram.com/x_tino/ https://www.instagram.com/adelwinw/  https://www.instagram.com/leaprsclla/  https://www.instagram.com/wrdntx/ https://www.instagram.com/doodleartkarawang/  https://www.instagram.com/malvinwsetiawan/  https://www.instagram.com/ekoo.sptra/ https://www.instagram.com/ekoo.sptra/  https://www.instagram.com/rfn_ibrahim/,,https://www.instagram.com/p/DHpvtYNJaB1/,45765,35200,2025-03,37.0
DHqI8EEvWka,vinfast.indonesia,2025-03-26,"Mau mobil listrik 2 pintu yang compact, ramah lingkungan, dan punya cool design? VinFast VF 3 bisa jadi jawaban kamu, VinFam! ❤️

Desainnya yang casual dan stylish bikin kamu jadi pusat perhatian di jalanan. Ukurannya yang compact juga bikin manuver di jalanan padat lebih mudah. Interiornya yang modern dan fungsional bisa kasih kenyamanan buat pengemudi dan penumpang.

Miliki VF 3 hanya dengan Booking Fee Rp3 juta! Hubungi kami sekarang via hotline bebas pulsa: 1500083.

VinFast, EV for Everyone.",Video,1,1.054,36.0,42000.0,0.0,0.0,#VinFastIndonesia #VinFast #EVforEveryone #VinFastEVForEveryone #MobilListrik #LivingUnbound #UnboundImagination #VinFastVF3,,,https://www.instagram.com/p/DHqI8EEvWka/,45765,35200,2025-03,37.054
DHqZf1iINJu,vinfast.indonesia,2025-03-26,"VinFast turut hadir untuk mendukung @timnasindonesia melawan Bahrain di Stadion Utama Gelora Bung Karno! 🇮🇩

Terima kasih untuk seluruh VinFam yang mampir di booth VinFast pada hari Selasa, 25 Maret 2025 lalu. Semoga dukungan kita pada Timnas Indonesia bisa memberi semangat bagi para atlet terbaik kita, ya!

Sampai jumpa di keseruan VinFast dan @timnasindonesia berikutnya. ⚽

VinFast, EV for Everyone.",Video,1,84.0,2.0,3.204,0.0,0.0,#VinFastIndonesia #VinFast #EVforEveryone #VinFastEVForEveryone #MobilListrik #LivingUnbound #UnboundImagination #VinFastVF3,https://www.instagram.com/timnasindonesia/,,https://www.instagram.com/p/DHqZf1iINJu/,45765,35200,2025-03,86.0
DHr9oriFbQ,vinfast.indonesia,2025-03-27,"Tiny Titan dari VinFast ini bisa menempuh jarak 215 km dalam sekali full charge lho, VinFam!

Kamu juga bisa melakukan fast charging 1070% dalam 36 menit dan mengecek lokasi charging station dari https://vinfastauto.id/findus.

Jadi gak perlu khawatir saat membawa VF 3 untuk mudik!

Miliki VF 3 hanya dengan Booking Fee Rp3 juta! Hubungi kami sekarang via hotline bebas pulsa: 1500083.

VinFast, EV for Everyone.",Video,1,49.0,2.0,4.258,0.0,0.0,#VinFastIndonesia #VinFast #EVforEveryone #VinFastEVForEveryone #MobilListrik #LivingUnbound #UnboundImagination #VinFastVF3,,,https://www.instagram.com/p/DHr9oriFbQ/,45765,35200,2025-03,51.0
DHscYmsNng4,vinfast.indonesia,2025-03-27,"Mudik nyaman itu wajib, VinFam! Dengan kabin yang super lega, kursi yang nyaman, dan desain interior yang ergonomis, VinFast VF e34 bikin perjalananmu lebih santai dan menyenangkan. 🚗✨

Ditambah lagi, ada Jaminan 90% Nilai Jual Kembali, 0% Admin, Bunga & Provisi hingga Cashback Rp99 JT menantimu! Makanya, yuk nikmati fitur lengkapnya dan rasakan sendiri kenyamanannya dengan test drive sekarang!",Video,1,37.0,2.0,2.273,0.0,0.0,#VinFastIndonesia #VinFast #LivingUnbound #UnboundComfort #MobilListrik #VinFastVFe34,,,https://www.instagram.com/p/DHscYmsNng4/,45765,35200,2025-03,39.0
DHs9uyJJ2Au,vinfast.indonesia,2025-03-27,"Gw mau spill dikit ni kolaborasi gw bareng VinFast. Gw create karakter karakternya terinspirasi dari VinFast VF 3 dan nantinya karakter ini bakal ada di body VinFast x Muklay! Gak sabar banget lihat hasil akhirnya.
",Video,1,1.984,14.0,1400000.0,0.0,0.0,#VinFastVF3 #FlexingKreativitasmu #ImajinasiTanpaBatas,https://www.instagram.com/muklay/,,https://www.instagram.com/p/DHs9uyJJ2Au/,45765,35200,2025-03,15.984
DHugVmSuBh5,vinfast.indonesia,2025-03-28,"Multitasking while driving? Let ViVi take over! 🔊😉

VinFast VF 5 dilengkapi dengan Voice Assist Features yang bisa mempermudah kamu berkegiatan sambil nyetir. Cukup bilang ""Hey VinFast"", ViVi bisa bantu kamu untuk nyalain AC, muterin lagu favoritmu, sampai urusan maps, semuanya super praktis!

Fokus nyetir, tetap nyaman, dan aman dengan ViVi!",Image,1,117.0,7.0,,0.0,0.0,#VinFastIndonesia #VinFast #LivingUnbound #YourDriveYourVibe #MobilListrik #VinFastVF5 #KimYouJung,,,https://www.instagram.com/p/DHugVmSuBh5/,45765,35200,2025-03,124.0
DHvDf2WPRkL,vinfast.indonesia,2025-03-28,"Siap berpetualang seru bareng anabul kamu, VinFam? 🐶🐈

Tiny Titan yang punya desain unik ini cocok banget buat ajak anabul lucu kamu jalanjalan biar pengalaman driving jadi lebih seru. ✨

Miliki VF 3 hanya dengan Booking Fee Rp3 juta! Hubungi kami sekarang via hotline bebas pulsa: 1500083.

VinFast, EV for Everyone.",Image,4,69.0,2.0,,0.0,0.0,#VinFastIndonesia #VinFast #EVforEveryone #VinFastEVForEveryone #MobilListrik #LivingUnbound #UnboundImagination #VinFastVF3,,,https://www.instagram.com/p/DHvDf2WPRkL/?img_index=1,45765,35200,2025-03,71.0
DHvSJsvU6Q,vinfast.indonesia,2025-03-28,"VinFast bangga menjadi Official Electric Vehicle Partner Timnas Indonesia, mendukung mobilitas ramah lingkungan bagi sepak bola nasional. Komitmen ini semakin kuat dengan dukungan Ketua Umum PSSI, Erick Thohir, yang telah membeli VinFast VF 3 sebagai kendaraan listrik andalannya.

Sebagai mitra resmi, VinFast menghadirkan kendaraan listrik inovatif dengan teknologi canggih, efisiensi tinggi, dan kenyamanan maksimal, sekaligus membangun ekosistem EV yang lebih kuat di Indonesia.

Apresiasi kami untuk Pak Erick yang telah memilih The Tiny Titan dan menjadi salah satu pembeli pertama di Indonesia. Mari bersama melaju menuju masa depan hijau dan mendukung Garuda di kancah dunia!",Video,1,87.0,4.0,4.78,0.0,0.0,#VinFastIndonesia #VinFast #EVforEveryone #VinFastEVForEveryone #MobilListrik #LivingUnbound #UnboundImagination #TimnasIndonesia,https://www.instagram.com/erickthohir/ https://www.instagram.com/timnasindonesia/,,https://www.instagram.com/p/DHvSJsvU6Q/,45765,35200,2025-03,91.0
DHw5eUbIUOZ,vinfast.indonesia,2025-03-29,"Selamat Hari Raya Nyepi Tahun Saka 1947, VinFam! 🕯️

Di hari yang penuh kesucian ini, mari kita heningkan diri, merenungkan perjalanan hidup, dan memperbarui semangat untuk menjadi pribadi yang lebih baik. Semoga kedamaian dan ketenangan senantiasa menyertai kita semua.

VinFast, EV for Everyone.",Image,1,36.0,0.0,,0.0,0.0,#VinFastIndonesia #VinFast #EVforEveryone #VinFastEVForEveryone #MobilListrik #LivingUnbound #UnboundImagination #VinFastVF3,,,https://www.instagram.com/p/DHw5eUbIUOZ/,45765,35200,2025-03,36.0
DHxb0V_s7ut,vinfast.indonesia,2025-03-29,"Banyak banget yang nanya tentang VF 3 Competition, nih! Jadi VinFast jelaskan lagi buat yang masih bingung, ya.

Kamu bisa langsung DM atau komen jika ada pertanyaan lain yang mau kamu tanyakan, VinFam.

Ayo menangkan 1 unit VF 3 dengan ikutan Flexing Kreativitasmu! Cek https://linktr.ee/vinfastflexingkreativitasmu atau klik link di bio untuk info lengkapnya.

VinFast, EV for Everyone.",Image,5,218.0,12.0,,0.0,0.0,#VinFastVF3 #ImajinasiTanpaBatas #FlexingKreativitasmu #VinFastIndonesia #VinFast #EVforEveryone #VinFastEVForEveryone #MobilListrik #LivingUnbound #UnboundImagination,,,https://www.instagram.com/p/DHxb0V_s7ut/?img_index=1,45765,35200,2025-03,230.0
DHxzmNDhlO9,vinfast.indonesia,2025-03-29,"Mudik pake VF 3? Bisa dong!

Tiny Titan dari VinFast ini bisa nemenin perjalanan mudik kamu dengan interior yang nyaman, bisa tambah roof bagage up to 50 kg, dan fast charging 1070% hanya dalam 36 menit!

Jadi gak ragu lagi buat mudik bareng VF 3. 🚗😎

Miliki VF 3 hanya dengan Booking Fee Rp3 juta! Hubungi kami sekarang via hotline bebas pulsa: 1500083.

VinFast, EV for Everyone.
",Video,1,53.0,13.0,4.722,0.0,0.0,#VinFastIndonesia #VinFast #EVforEveryone #VinFastEVForEveryone #MobilListrik #LivingUnbound #UnboundImagination #VinFastVF3,,,https://www.instagram.com/p/DHxzmNDhlO9/,45765,35200,2025-03,66.0
DHyFFs4vDuc,vinfast.indonesia,2025-03-29,"Dengan kapasitas 290L, bagasi VinFast VF e34 muat semua keperluanmu! Koper, tas, oleholeh, bahkan perlengkapan trip, semuanya muat! 👜🧳🎒

Gak perlu khawatir kehabisan space, cukup simpan barang, tutup bagasi, dan perjalanan pun lebih nyaman!

Ayo buktikan sendiri luasnya bagasi VF e34 dengan kunjungi showroom terdekat!",Video,1,22.0,0.0,2.255,0.0,0.0,#VinFastIndonesia #VinFast #LivingUnbound #UnboundComfort #MobilListrik #VinFastVFe34,,,https://www.instagram.com/p/DHyFFs4vDuc/,45765,35200,2025-03,22.0
DHz8OmLPeaU,vinfast.indonesia,2025-03-30,"VF 3 hadir sebagai solusi mobilitas urban yang sat set dan praktis!

Ukurannya yang tiny bikin VF 3 lebih lincah bermanuver di jalanan padat, cocok banget buat kamu yang ingin menghindari macet dan sampai tujuan dengan cepat.

Ayo rasakan sensasi berkendara dengan imajinasi tanpa batas bersama Tiny Titan ini!

VinFast, EV for Everyone.",Video,1,44.0,3.0,3.288,0.0,0.0,#VinFastVF3 #VinFastIndonesia #VinFast #EVforEveryone #VinFastEVForEveryone #MobilListrik #LivingUnbound #UnboundImagination,,,https://www.instagram.com/p/DHz8OmLPeaU/,45765,35200,2025-03,47.0
DH0VR1AozH,vinfast.indonesia,2025-03-30,"Bertemu 3 VinFam yang sudah menerima VF 3 di VinFast Karawaci, yuk! 🚗

Apa saja kesan para VinFam ini mengenai Tiny Titan? Tonton videonya sampai habis, ya!

VinFast, EV for Everyone.
",Video,1,66.0,0.0,4.282,0.0,0.0,#VinFastIndonesia #VinFast #EVforEveryone #VinFastEVForEveryone #MobilListrik #LivingUnbound #UnboundImagination #VinFastVF3,,,https://www.instagram.com/p/DH0VR1AozH/,45765,35200,2025-03,66.0
