post_id,media_url,author_username,post_date,caption,hashtags,mentions,like_count,comment_count,share_count,view_count,saved_count,duration,location_name,crawled_at,followers_count,followers_count.1,month,engagement,media_type
7455256259135098129,https://www.tiktok.com/@vinfastindonesia/video/7455256259135098129,@vinfastindonesia,2025-01-01,"Selamat datang di tahun baru 2025, VinFam! 🎇🎉

Tahun baru adalah awal baru untuk menciptakan momen indah bersama keluarga. VinFast siap menemani setiap perjalanan Anda dengan kendaraan yang nyaman dan aman, menghadirkan pengalaman berkendara yang tak terlupakan di tahun ini.

Mari wujudkan perjalanan penuh cerita baru bersama VinFast.

VinFast EV for Everyone.
Pesan sekarang via hotline bebas pulsa: 1500083.",-,,31,2,0.0,852,0,,,45766,17100000,17100000,2025-01,33.0,video
7455608737361923329,https://www.tiktok.com/@vinfastindonesia/video/7455608737361923329,@vinfastindonesia,2025-01-03,"VinFast berkomitmen untuk memberikan EV yang terjangkau bagi semua orang. Setelah VF e34 dan VF 5 yang rilis di Indonesia, akan ada juga tipe-tipe lain yang menyusul masuk pasar Indonesia.

VinFast tipe apa yang paling kamu tunggu? Stay tuned with us for more updates, VinFam!

VinFast EV for Everyone
Pesan sekarang via hotline bebas pulsa: 1500083.",#VinFastIndonesia #VinFast #LivingUnbound #UnboundComfort #YourDriveYourVibe #MobilListrik #VinFastVFe34 #VinFastVF5 #EVforEveryone #VinFastEVForEveryone,-,30,4,0.0,901,0,,,45766,17100001,17100000,2025-01,34.0,video
7456295596912053505,https://www.tiktok.com/@vinfastindonesia/video/7456295596912053505,@vinfastindonesia,2025-01-05,"Kalau sama-sama mau test drive VinFast sih gak perlu berantem ya, VinFam! Tinggal datang aja ke showroom VinFast terdekat buat cobain pengalaman berkendara mobil listrik VinFast!

Cek daftar showroom terdekat di pinned post VinFast, ya.

VinFast EV for Everyone
Pesan sekarang via hotline bebas pulsa: 1500083.",#VinFastIndonesia #VinFast #LivingUnbound #UnboundComfort #YourDriveYourVibe #MobilListrik #VinFastVFe34 #VinFastVF5 #EVforEveryone #VinFastEVForEveryone,-,571,43,0.0,8997,13,,,45766,17100002,17100000,2025-01,627.0,video
7457106103915056392,https://www.tiktok.com/@vinfastindonesia/video/7457106103915056392,@vinfastindonesia,2025-01-07,"Kendalikan teknologi canggih VinFast VF 5 hanya dengan sentuhan!

Fitur Smart Control memungkinkan VinFam mengoperasikan berbagai fungsi mobil dari head unit screen, menghadirkan pengalaman berkendara yang lebih mudah dan modern.

VinFast, EV for Everyone.
Pesan sekarang via hotline bebas pulsa: 1500083.",#VinFastIndonesia #VinFast #LivingUnbound #YourDriveYourVibe #MobilListrik #VinFastVF5 #KimYouJung #EVforEveryone #VinFastEVForEveryone,-,31,1,0.0,958,3,,,45766,17100003,17100000,2025-01,35.0,video
7458264244061048072,https://www.tiktok.com/@vinfastindonesia/photo/7458264244061048072,@vinfastindonesia,2025-01-10,"Memilih mode berkendara yang tepat tidak hanya membuat pengalaman mengemudi lebih menyenangkan, tapi juga bisa mengoptimalkan efisiensi dan performa mobilmu, VinFam.

Jadi, yuk kenali 3 driving modes VinFast VF e34 dan sesuaikan dengan kondisi serta kebutuhan berkendaramu.

VinFast EV for Everyone
Pesan sekarang via hotline bebas pulsa: 1500083.",#VinFastIndonesia #VinFast #LivingUnbound #UnboundComfort #MobilListrik #VinFastVFe34 #EVforEveryone #VinFastEVForEveryone,-,24,0,0.0,1059,3,,,45766,17100004,17100000,2025-01,27.0,video
7458264244061048072,https://www.tiktok.com/@vinfastindonesia/photo/7458264244061048072,@vinfastindonesia,2025-01-13,"Dengan sekali pengisian daya baterai penuh, VinFast VF e34 bisa menempuh jarak ±318 km, VinFam!

Dengan kemampuan ini, kamu bisa menggunakan VinFast VF e34 untuk kebutuhan berkendara harian ataupun liburan singkat bersama keluarga. Yuk, miliki VinFast VF e34 sekarang!

VinFast EV for Everyone
Pesan VF e34 sekarang mulai dari Rp273 juta* via hotline bebas pulsa: 1500083.

*Harga OTR Jakarta",-,-,56,2,0.0,1344,1,,,45766,17100005,17100000,2025-01,59.0,video
7460124882014047506,https://www.tiktok.com/@vinfastindonesia/video/7460124882014047506,@vinfastindonesia,2025-01-15,"Kaya gini nih gallery para pemilik VinFast VF 5. ✨

Bisa banget ‘kan disesuain dengan vibes kamu? Yuk miliki VinFast VF 5 sekarang juga, VinFam!

VinFast EV for Everyone
Pesan VF 5 mulai dari Rp218,250 juta* via hotline bebas pulsa: 1500083.

*Harga OTR Jakarta",#VinFastIndonesia #VinFast #LivingUnbound #YourDriveYourVibe #MobilListrik #VinFastVF5 #EVforEveryone #VinFastEVForEveryone #KimYouJung,-,49,2,0.0,1216,3,,,45766,17100006,17100000,2025-01,54.0,video
7460462396860075272,https://www.tiktok.com/@vinfastindonesia/photo/7460462396860075272,@vinfastindonesia,2025-01-16,"Bosan dengan mobil besar yang sulit maneuver di jalanan kota? Saatnya beralih ke VinFast VF 5!

Ukurannya yang compact bikin pengalaman berkendara jadi lebih lincah dan mudah dikendarai di jalanan yang sempit. Bersama VinFast VF 5, kamu bisa bebas menjelajahi kota dengan nyaman. Yuk, rasakan sensasi berkendara yang berbeda bersama VinFast VF 5! ✨

VinFast EV for Everyone
Pesan VF 5 mulai dari Rp218,250 juta* via hotline bebas pulsa: 1500083.",#VinFastIndonesia #VinFast #LivingUnbound #YourDriveYourVibe #MobilListrik #VinFastVF5 #EVforEveryone #VinFastEVForEveryone,-,32,2,0.0,1368,1,,,45766,17100007,17100000,2025-01,35.0,video
7461157055307582727,https://www.tiktok.com/@vinfastindonesia/video/7461157055307582727,@vinfastindonesia,2025-01-18,"Kegiatan akhir pekan jadi lebih seru bareng VinFast VF 5!

Interiornya yang nyaman dengan fiturnya lengkap, bikin kegiatan kamu jadi lebih menyenangkan, VinFam. Kamu juga bisa memilih VinFast VF 5 yang sesuai vibes kamu. VinFast VF 5 warna apa yang paling bisa menggambarkan vibes kamu? Tulis di komen, ya!

VinFast EV for Everyone
Pesan VF 5 mulai dari Rp218,250 juta* via hotline bebas pulsa: 1500083.

*Harga OTR Jakarta
",#VinFastIndonesia #VinFast #LivingUnbound #YourDriveYourVibe #MobilListrik #VinFastVF5 #EVforEveryone #VinFastEVForEveryone,-,28,2,0.0,1042,1,,,45766,17100008,17100000,2025-01,31.0,video
7461900559230995719,https://www.tiktok.com/@vinfastindonesia/photo/7461900559230995719,@vinfastindonesia,2025-01-20,"Siap memasuki Tahun Ular Kayu bersama mobil listrik VinFast? Kunjungi booth VinFast dan dapatkan berbagai promo menarik yang menanti kamu, VinFam.

📍 Mall Kelapa Gading 2
🗓️ 20-26 Januari 2025

Dapatkan juga gift voucher Rp100k untuk setiap Test Drive di booth VinFast. Jangan lupa mampir, ya!

VinFast, EV for Everyone.",#VinFastIndonesia #VinFast #LivingUnbound #UnboundComfort #YourDriveYourVibe #MobilListrik #VinFastVFe34 #VinFastVF5 #EVforEveryone #VinFastEVForEveryone,-,28,2,0.0,1398,1,,,45766,17100009,17100000,2025-01,31.0,video
7461931717025172737,https://www.tiktok.com/@vinfastindonesia/video/7461931717025172737,@vinfastindonesia,2025-01-20,"Hujan deras? Bukan masalah bagi VinFast! ☔️

Mobil listrik VinFast bisa tetap menemani kegiatanmu saat sedang hujan, VinFam. VinFast sudah memenuhi standar keamanan internasional dan teruji aman melewati air hingga ketinggian setengah ban mobil. Siap menjalani hari bersama VinFast?

Pesan VF e34 sekarang mulai dari Rp273 juta* via hotline bebas pulsa: 1500083.

*Harga OTR Jakarta",#VinFastIndonesia #VinFast #LivingUnbound #UnboundComfort #MobilListrik #VinFastVFe34 #EVforEveryone #VinFastEVForEveryone,-,39,2,0.0,1187,1,,,45766,17100010,17100000,2025-01,42.0,video
7462329448377912594,https://www.tiktok.com/@vinfastindonesia/photo/7462329448377912594,@vinfastindonesia,2025-01-21,"VinFast's 1st Live Stream Car Sale will be back! 

Setelah sukses dengan Live Stream Car Sale pertama di akhir tahun lalu, VinFast akan kembali mengadakan Live Stream Car Sale dalam waktu dekat.

Dapatkan berbagai kejutan seperti Samsung Galaxy Z Fold 6 dan shopping voucher selama live stream berlangsung.

Tunggu info selengkapnya di social media VinFast, ya!

VinFast, EV for Everyone.",#VinFastIndonesia #VinFast #LivingUnbound #UnboundComfort #YourDriveYourVibe #MobilListrik #VinFastVFe34 #VinFastVF5 #EVforEveryone #VinFastEVForEveryone,-,46,6,0.0,1680,1,,,45766,17100011,17100000,2025-01,53.0,video
7463048348170308872,https://www.tiktok.com/@vinfastindonesia/photo/7463048348170308872,@vinfastindonesia,2025-01-23,"VinFast's Live Stream Car Sale is back!

Ayo join VinLive dan VinTalk bersama @PapiABEABEABE dan Audi dari @AutonetMagz.com yang akan mengupas mobil listrik VinFast dari keunggulan hingga promo menarik kami! ✨

Set your reminder:
🗓️ Jumat, 24 Januari 2025
🕢 19:00-20:30 WIB
🤳🏻 TikTok @papiabeabeabe

Ikuti live stream-nya dan dapatkan penawaran serta kejutan eksklusif:
🎁 Samsung Galaxy Z Fold 6 yang akan dipilih di akhir sesi live stream
🎁 30 VinFast Smart Air Purifier Portable yang akan dipilih 10 pemenang setiap 30 menit selama sesi live stream
🎁 Kejutan Rp1 juta untuk VinFam yang melakukan pembelian selama sesi live stream
🎁 VinFast Quiz & Best Comment berhadiah e-wallet Rp50 ribu selama sesi live stream

Jangan sampai ketinggalan ya, VinFam. See you 👋🏻
VinFast, EV for Everyone.",#VinFastIndonesia #VinFast #LivingUnbound #UnboundComfort #YourDriveYourVibe #MobilListrik #VinFastVFe34 #VinFastVF5 #EVforEveryone #VinFastEVForEveryone,-,118,13,0.0,4192,6,,,45766,17100012,17100000,2025-01,137.0,video
7463792001842957586,https://www.tiktok.com/@vinfastindonesia/video/7463792001842957586,@vinfastindonesia,2025-01-25,"Kamu juga masih bisa berkunjung ke booth VinFast di:
📍 Mall Kelapa Gading 2
🗓️ 20-26 Januari 2025

Dapatkan gift voucher Rp100k untuk setiap test drive di booth VinFast, ya.

VinFast, EV for Everyone.",#VinFastIndonesia #VinFast #LivingUnbound #UnboundComfort #YourDriveYourVibe #MobilListrik #VinFastVFe34 #VinFastVF5 #EVforEveryone #VinFastEVForEveryone,-,140,6,0.0,2338,9,,,45766,17100013,17100000,2025-01,155.0,video
7464127097393450247,https://www.tiktok.com/@vinfastindonesia/video/7464127097393450247,@vinfastindonesia,2025-01-26,"Pilih garam atau madu? Pilih VinFast VF e34 atau VinFast VF 5?

Langsung aja test drive VinFast di @mkglapiazza biar kamu bisa pilih mau VinFast yang mana ya, VinFam.

📍 Mall Kelapa Gading 2
🗓️ 20-26 Januari 2025

Dapatkan juga gift voucher Rp100k untuk setiap test drive di booth VinFast.

VinFast, EV for Everyone.",#VinFastIndonesia #VinFast #LivingUnbound #UnboundComfort #YourDriveYourVibe #MobilListrik #VinFastVFe34 #VinFastVF5 #EVforEveryone #VinFastEVForEveryone,https://www.tiktok.com/@mkglapiazza,1575,66,0.0,23300,52,,,45767,17100014,17100000,2025-01,1693.0,video
7465609803230973204,https://www.tiktok.com/@vinfastindonesia/video/7465609803230973204,@vinfastindonesia,2025-01-30,"Tahun Ular Kayu dimulai dengan semangat baru! Terima kasih untuk semua VinFam yang sudah meramaikan booth VinFast di Mall Kelapa Gading 2 minggu lalu. 🎊 @mkglapiazza

Siapa yang sudah test drive dan dapet voucher dari VinFast? Kamu juga bisa kunjungi showroom VinFast terdekat buat test drive, ya.

VinFast, EV for Everyone.",#VinFastIndonesia #VinFast #LivingUnbound #UnboundComfort #YourDriveYourVibe #MobilListrik #VinFastVFe34 #VinFastVF5 #EVforEveryone #VinFastEVForEveryone,-,104,8,0.0,2209,4,,,45767,17100015,17100000,2025-01,116.0,video
7465949608779336978,https://www.tiktok.com/@vinfastindonesia/video/7465949608779336978,@vinfastindonesia,2025-01-31,"Februari 2025, VinFast akan mengajak VinFam memulai petualangan baru bersama mobil listrik terbaru di Indonesia.

Ready to welcome our newest car?

VinFast EV for Everyone",#VinFastIndonesia #VinFast #LivingUnbound #MobilListrik #EVforEveryone #VinFastEVForEveryone #UnboundImagination,-,311,21,0.0,9082,11,,,45767,17100016,17100000,2025-01,343.0,video
7465958392876584210,https://www.tiktok.com/@vinfastindonesia/video/7465958392876584210,@vinfastindonesia,2025-02-01,"VinFast VF 3 akhirnya akan tiba di Indonesia, VinFam!

Jadilah orang pertama yang merasakan pengalaman berkendara baru bersama imajinasi tak terbatas dari VinFast VF 3.

VinFast EV for Everyone
Pre-order sekarang via hotline bebas pulsa: 1500083.
",#VinFastIndonesia #VinFast #LivingUnbound #MobilListrik #VinFastVF3 #EVforEveryone #VinFastEVForEveryone #UnboundImagination,-,135,9,0.0,1637,3,,,45767,17100017,17100000,2025-02,147.0,video
7466554797760515348,https://www.tiktok.com/@vinfastindonesia/video/7466554797760515348,@vinfastindonesia,2025-02-02,"Baru punya mobil listrik? Selamat bergabung dengan keluarga ramah lingkungan, VinFam! 🚗🍃

Untuk memaksimalkan pengalaman berkendara, yuk simak beberapa tips ini.

VinFast EV for Everyone
Pesan VF 5 mulai dari Rp218,250 juta* via hotline bebas pulsa: 1500083.

*Harga OTR Jakarta",#VinFastIndonesia #VinFast #LivingUnbound #YourDriveYourVibe #MobilListrik #VinFastVF5 #EVforEveryone #VinFastEVForEveryone #KimYouJung,-,49,0,0.0,1080,1,,,45767,17100018,17100000,2025-02,50.0,video
7467559258641534226,https://www.tiktok.com/@vinfastindonesia/video/7467559258641534226,@vinfastindonesia,2025-02-04,"Ayo melaju menuju kemakmuran dengan VinFast VF 3! 🐍

Di Tahun Ular ini, bebaskan imajinasimu bersama EV terbaru VinFast dan raih kemakmuran dalam setiap perjalanan bersama kami.

Pre-order sekarang via hotline bebas pulsa: 1500083.
VinFast, EV for Everyone.",#VinFastIndonesia #VinFast #EVforEveryone #VinFastEVForEveryone #MobilListrik #LivingUnbound #UnboundImagination #VinFastVF3,-,98,0,0.0,2431,3,,,45767,17100019,17100000,2025-02,101.0,video
7467911953151741192,https://www.tiktok.com/@vinfastindonesia/video/7467911953151741192,@vinfastindonesia,2025-02-05,"VinFast VF 3 siap menggebrak imajinasimu menjadi tak terbatas, VinFam! 🚗💥

Dengan practical design, interior minimalis, dan teknologi canggih, VF 3 siap mengubah cara pandangmu tentang mobil listrik dan menjadikan langit sebagai batas imajinasimu.

Who's excited?
Pre-order sekarang via hotline bebas pulsa: 1500083.
VinFast, EV for Everyone.
","
#VinFastIndonesia #VinFast #EVforEveryone #VinFastEVForEveryone #MobilListrik #LivingUnbound #UnboundImagination #VinFastVF3",-,87,2,0.0,6863,9,,,45767,17100020,17100000,2025-02,98.0,video
7468655327844551943,https://www.tiktok.com/@vinfastindonesia/photo/7468655327844551943,@vinfastindonesia,2025-02-07,"Booth VinFast di IIMS 2025 akan membawamu ke imajinasi yang tak terbatas, VinFam! Dapatkan informasi lengkap tentang mobil listrik terbaru kami, test drive, dan penawaran menarik lainnya.

Dapatkan tiketmu sekarang di https://indonesianmotorshow.com/buy-ticket dan kunjungi booth VinFast di:
📍 Hall C3 & Pre Function Hall D, JIExpo Kemayoran
🗓️ 13-23 Februari 2025

VinFast, EV for Everyone.","
#VinFastIndonesia #VinFast #EVforEveryone #VinFastEVForEveryone #MobilListrik #LivingUnbound #UnboundImagination #VinFastVF3",-,41,5,0.0,1118,2,,,45767,17100021,17100000,2025-02,48.0,video
7468908484180856072,https://www.tiktok.com/@vinfastindonesia/video/7468908484180856072,@vinfastindonesia,2025-02-08,"Get ready to be amazed! ⚡🥳

VinFast akan hadir dengan berbagai kejutan di @iims_id mendatang. Tidak hanya mobil listrik terbaru yang siap menemani petualanganmu, tapi juga pengalaman seru yang tak terlupakan.

Ada apa aja ya, VinFam? Tunggu kejutannya! Stay tuned untuk informasi lengkapnya dan jangan sampai ketinggalan keseruannya!

Yuk kunjungi booth VinFast di:
📍 Hall C3 & Pre Function Hall D, JIExpo Kemayoran
🗓️ 13-23 Februari 2025

VinFast, EV for Everyone.",-,https://www.tiktok.com/@iims_id,17,2,0.0,1162,2,,,45767,17100022,17100000,2025-02,21.0,video
7468912600600956167,https://www.tiktok.com/@vinfastindonesia/video/7468912600600956167,@vinfastindonesia,2025-02-08,"Kenalan lebih dekat dengan VF 3, yuk!

Our new tiny titan ini punya ground clearance yang tinggi sehingga kamu gak perlu takut melewati medan apapun, VinFam. Hanya dalam 36 menit, kamu bisa mengisi daya dari 10% - 70% dan punya jarak tempuh sejauh 215 km! Dan tentunya, ada banyak warna yang bisa kamu pilih sesuai keinginan kamu!

Gak sabar nungguin VF 3 kan? Stay tuned for more updates!

Pre-order sekarang via hotline bebas pulsa: 1500083.
VinFast, EV for Everyone.","
#VinFastIndonesia #VinFast #EVforEveryone #VinFastEVForEveryone #MobilListrik #LivingUnbound #UnboundImagination #VinFastVF3",-,16,2,0.0,750,2,,,45767,17100023,17100000,2025-02,20.0,video
7469332746725313800,https://www.tiktok.com/@vinfastindonesia/video/7469332746725313800,@vinfastindonesia,2025-02-09,"VinFast VF 3: A New Icon of Urban Driving! 🚗🏙️

VinFast mempersembahkan mobil listrik terbaru kami: VF 3 yang akan membawa imajinasi tak terbatas bagi pengalaman berkendaramu.

Desain yang fungsional dan efisien trendy dan innovatif, disertai interior yang minimalis, mengedepankan teknologi terkini dan fitur-fitur yang memudahkanmu untuk berkendara di area urban.

Ready to turn heads with the new icon of urban driving?
Pre-order sekarang via hotline bebas pulsa: 1500083.
VinFast, EV for Everyone.
",#VinFastIndonesia #VinFast #EVforEveryone #VinFastEVForEveryone #MobilListrik #LivingUnbound #UnboundImagination #VinFastVF3,-,12,2,0.0,490,4,,,45767,17100024,17100000,2025-02,18.0,video
7469501791860706567,https://www.tiktok.com/@vinfastindonesia/photo/7469501791860706567,@vinfastindonesia,2025-02-10,"Siap untuk mengungkap imajinasimu, VinFam?

Bersama VinFast VF 3, Unbound Imagination, kamu akan bersiap membawa revolusi baru di dunia mobil listrik. Desain fungsional dan efisien yang berpadu dengan teknologi terkini dan kenyamanan berkendara akan membuatmu terkesan dengan pengalaman berkendara yang diberikan VF 3.

Pre-order sekarang via hotline bebas pulsa: 1500083.
VinFast, EV for Everyone.",#VinFastIndonesia #VinFast #EVforEveryone #VinFastEVForEveryone #MobilListrik #LivingUnbound #UnboundImagination #VinFastVF3,-,32,0,0.0,851,1,,,45767,17100025,17100000,2025-02,33.0,video
7469743035341982994,https://www.tiktok.com/@vinfastindonesia/photo/7469743035341982994,@vinfastindonesia,2025-02-10,"VinFast VF 3 telah menorehkan prestasi membanggakan! 🏆

Mobil listrik compact ini telah berhasil membawa pulang sejumlah penghargaan bergengsi, membuktikan inovasi dan kualitas yang dimiliki. Mulai dari inovasi marketing, creative campaign, hingga Car of The Year, VF 3 berhasil memikat hati para juri dan pecinta otomotif dari berbagai ajang di Asia Tenggara hingga global.

Persiapkan dirimu untuk menjadi bagian dari VF 3!
Pre-order sekarang via hotline bebas pulsa: 1500083.
VinFast, EV for Everyone.",#VinFastIndonesia #VinFast #EVforEveryone #VinFastEVForEveryone #MobilListrik #LivingUnbound #UnboundImagination #VinFastVF3,-,36,7,0.0,1034,3,,,45767,17100026,17100000,2025-02,46.0,video
7470387469565889797,https://www.tiktok.com/@vinfastindonesia/video/7470387469565889797,@vinfastindonesia,2025-02-12,"Gebrakan baru dari VinFast ini siap menemui kamu di @iims_id, VinFam!

Lihat VinFast VF 3 lebih dekat dan rasakan pengalaman berkendara bersama our newest tiny titan.

Dapatkan tiketmu sekarang di https://indonesianmotorshow.com/buy-ticket dan kunjungi booth VinFast di:
📍 Hall C3 & Pre Function Hall D, JIExpo Kemayoran
🗓️ 13-23 Februari 2025
",#VinFastIndonesia #VinFast #EVforEveryone #VinFastEVForEveryone #MobilListrik #LivingUnbound #UnboundImagination #VinFastVF3 #IIMS2025,-,62,2,0.0,1519,2,,,45768,17100027,17100000,2025-02,66.0,video
7470430969376378119,https://www.tiktok.com/@vinfastindonesia/photo/7470430969376378119,@vinfastindonesia,2025-02-12,"Selama 11 hari di @Indonesia Int’l Motor Show 2025, booth VinFast siap memberikan pengalaman yang tak terlupakan untukmu, VinFam!

Mulai dari peluncuran our newest tiny titan, test drive, berbagai activity seru, hingga penawaran spesial yang hanya bisa kamu dapatkan di IIMS 2025. 

Yuk kunjungi booth VinFast di:
📍 Hall C3 & Pre Function Hall D, JIExpo Kemayoran
🗓️ 13-23 Februari 2025

VinFast, EV for Everyone.",#VinFastIndonesia #VinFast #EVforEveryone #VinFastEVForEveryone #MobilListrik #LivingUnbound #UnboundComfort #YourDriveYourVibe #UnboundImagination #IIMS2025,https://www.tiktok.com/@iims_id,68,0,0.0,1317,2,,,45768,17100028,17100000,2025-02,70.0,video
7470453352049036552,https://www.tiktok.com/@vinfastindonesia/video/7470453352049036552,@vinfastindonesia,2025-02-12,"Ada yang baru sampai di Indonesia nih, VinFam! 👀

Siap-siap jadi orang pertama yang melihat lebih dekat our newest tiny titan. Kunjungi booth VinFast di @iims_id dan beli tiketmu sekarang di https://indonesianmotorshow.com/buy-ticket.

VinFast at IIMS 2025:
📍 Hall C3 & Pre Function Hall D, JIExpo Kemayoran
🗓️ 13-23 Februari 2025
",#VinFastIndonesia #VinFast #EVforEveryone #VinFastEVForEveryone #MobilListrik #LivingUnbound #UnboundImagination #VinFastVF3 #IIMS2025,https://www.tiktok.com/@iims_id,101,6,0.0,984,3,,,45768,17100029,17100000,2025-02,110.0,video
7470783805247327506,https://www.tiktok.com/@vinfastindonesia/photo/7470783805247327506,@vinfastindonesia,2025-02-13,"Mau nyobain experience naik mobil listrik VinFast? Naik taksi Xanh SM aja, yuk! Ada Xanh SM Voucher senilai total Rp2,5 juta buat kamu 25 orang yang beruntung.

Caranya gampang banget:
▪️ Komen di post ini, kenapa kamu mau cobain naik Xanh SM Taxi dan tag 3 teman kamu
▪️ Share postingan ini ke Instagram Story kamu
▪️ Jangan lupa follow Instagram @vinfast.indonesia dan @xanhsm.id",#VinFastIndonesia #VinFast #EVforEveryone #VinFastEVForEveryone #MobilListrik #LivingUnbound #UnboundImagination #VinFastVF3 #IIMS2025,https://www.tiktok.com/@id.greensm,12,0,0.0,9062,0,,,45768,17100030,17100000,2025-02,12.0,video
7471205416383384840,https://www.tiktok.com/@vinfastindonesia/video/7471205416383384840,@vinfastindonesia,2025-02-14,"Dengan imajinasi yang tak terbatas, VinFast VF 3 dapat menemanimu dalam perjalanan yang melampaui batasan, menuju destinasi yang belum pernah kamu bayangkan.

VinFast VF 3, Unbound Imagination.

Pre-order VF 3 mulai dari Rp227,650,000 via hotline bebas pulsa: 1500083.
VinFast, EV for Everyone.

Kunjungi VinFast Booth untuk test drive:
📍 Hall C3 & Pre Function Hall D, JIExpo Kemayoran
🗓️ 13-23 Februari 2025",#VinFastIndonesia #VinFast #EVforEveryone #VinFastEVForEveryone #MobilListrik #LivingUnbound #UnboundImagination #VinFastVF3 #IIMS2026,-,167,17,0.0,3200,7,,,45768,17100031,17100000,2025-02,191.0,video
7471529977750621457,https://www.tiktok.com/@vinfastindonesia/video/7471529977750621457,@vinfastindonesia,2025-02-15,"Mau ke VinFast Booth di IIMS 2025 hari ini? 🚗⚡

Biar gampang nemuin booth VinFast di @iims_id, ikutin petunjuk arah di video ini ya, VinFam!

See you at at IIMS 2025:
📍 Hall C3 & Pre Function Hall D, JIExpo Kemayoran
🗓️ 13-23 Februari 2025",#VinFastIndonesia #VinFast #EVforEveryone #VinFastEVForEveryone #MobilListrik #LivingUnbound #UnboundImagination #VinFastVF3 #IIMS2025,https://www.tiktok.com/@iims_id,326,11,0.0,6969,6,,,45768,17100032,17100000,2025-02,343.0,video
7471684950501133574,https://www.tiktok.com/@vinfastindonesia/photo/7471684950501133574,@vinfastindonesia,2025-02-15,"Ayo join VinLive dan VinTalk bersama @sarwendahofficial dan @jasondhika dari @cvtindonesia yang akan mengupas mobil listrik VinFast VF 3 dari keunggulan hingga promo menarik kami! ✨

Set your reminder:
🗓️ Minggu, 16 Februari 2025
🕢 19:00-20:30 WIB
🤳🏻 IG @sarwendah29 & @vinfast.indonesia
🤳🏻 TikTok @sarwendahofficial @vinfastindonesia

Ikuti live stream-nya dan dapatkan penawaran serta kejutan eksklusif:
🎁 Samsung Galaxy Z Fold 6 dan ragam hadiah e-wallet selama sesi live stream

Jangan sampai ketinggalan ya, VinFam. See you 👋🏻
VinFast, EV for Everyone.",#VinFastIndonesia #VinFast #EVforEveryone #VinFastEVForEveryone #MobilListrik #LivingUnbound #UnboundImagination #VinFastVF3 #IIMS2026,https://www.tiktok.com/@sarwendahofficial,37,1,0.0,1669,0,,,45768,17100033,17100000,2025-02,38.0,video
7471845389600066824,https://www.tiktok.com/@vinfastindonesia/photo/7471845389600066824,@vinfastindonesia,2025-02-16,"Ini dia lineup VinFast VF 3 yang hadir di Indonesia! 🇮🇩✨

8 warna siap mewarnai imajinasimu yang tak terbatas bersama VinFast tiny titan di perjalanan yang penuh petualangan. Dan yang paling spesial: VinFast VF 3 Jet Black hadir pertama kali di Indonesia!

Warna mana yang paling menarik perhatianmu, VinFam?
🖤🩶🤍❤️💛💚🩵🩷

Order VF 3 sekarang via hotline bebas pulsa: 1500083.
VinFast, EV for Everyone.
","
#VinFastIndonesia #VinFast #EVforEveryone #VinFastEVForEveryone #MobilListrik #LivingUnbound #UnboundImagination #VinFastVF3",-,38,0,0.0,2003,1,,,45768,17100034,17100000,2025-02,39.0,video
7471969913645681938,https://www.tiktok.com/@vinfastindonesia/photo/7471969913645681938,@vinfastindonesia,2025-02-16,"Dengan harga Rp227,650,000 (battery included), dapatkan exclusive cashback Rp37,850,000* untuk 1.000 pembeli pertama dan 90% Flexible Resale Value Guarantee.

Ada juga pilihan warna premium yang bisa VinFam dapatkan dengan tambahan biaya.

Order VF 3 sekarang via hotline bebas pulsa: 1500083.
VinFast, EV for Everyone.

Kunjungi VinFast Arena untuk test drive:
📍 Hall C3 & Pre Function Hall D, JIExpo Kemayoran
🗓️ 13-23 Februari 2025

*Valid untuk 1,000 pembeli pertama sebelum 30 Juni 2025 dan transaksi tanpa benefit 3 tahun free charging.","
#VinFastIndonesia #VinFast #EVforEveryone #VinFastEVForEveryone #MobilListrik #LivingUnbound #UnboundImagination #VinFastVF3",-,331,98,0.0,42800,35,,,45768,17100035,17100000,2025-02,464.0,video
7472771400508493064,https://www.tiktok.com/@vinfastindonesia/video/7472771400508493064,@vinfastindonesia,2025-02-18,"Sekarang saatnya kamu rasakan imajinasi tak terbatas dengan test drive VinFast VF 3 di @iims_id, VinFam! 🚗⚡

Kunjungi VinFast Arena dan daftarkan diri kamu untuk test drive pada VinSales yang bertugas, ya.

Dapatkan kesempatan memenangkan Voucher @xanhsm.id, layanan taksi listrik pertama di Indonesia untuk setiap test drive.

VinFast Arena:
📍 Hall C3 & Pre Function Hall D, JIExpo Kemayoran
🗓️ 13-23 Februari 2025

Order VF 3 dengan harga Rp227,650,000 dan dapatkan cashback Rp37,850,000 sekarang via hotline bebas pulsa: 1500083.
VinFast, EV for Everyone.","
#VinFastIndonesia #VinFast #EVforEveryone #VinFastEVForEveryone #MobilListrik #LivingUnbound #UnboundImagination #VinFastVF3 #IIMS2025",-,22,4,0.0,1240,0,,,45768,17100036,17100000,2025-02,26.0,video
7473086179152235784,https://www.tiktok.com/@vinfastindonesia/photo/7473086179152235784,@vinfastindonesia,2025-02-19,"Dapatkan kesempatan memenangkan Voucher @Xanh SM Indonesia, layanan taksi listrik pertama di Indonesia untuk setiap test drive.

VinFast Arena:
📍 Hall C3 & Pre Function Hall D, JIExpo Kemayoran
🗓️ 13-23 Februari 2025

VinFast, EV for Everyone.",#VinFastIndonesia #VinFast #EVforEveryone #VinFastEVForEveryone #MobilListrik #LivingUnbound #UnboundImagination #VinFastVF3 #IIMS2025,https://www.tiktok.com/@id.greensm,32,2,0.0,1424,1,,,45768,17100037,17100000,2025-02,35.0,video
7473421393015721234,https://www.tiktok.com/@vinfastindonesia/video/7473421393015721234,@vinfastindonesia,2025-02-20,"Siapa yang udah test drive VF 3 di @iims_id?

Coba lihat lagi lineup VF 3 di IIMS 2025, yuk! Selain VF 3, kamu juga bisa test drive VF 5 dan VF e34, ya.

Share mobil VinFast idaman kamu di komen, dong!

Order VF 3 sekarang via hotline bebas pulsa: 1500083.
VinFast, EV for Everyone.",#VinFastIndonesia #VinFast #EVforEveryone #VinFastEVForEveryone #MobilListrik #LivingUnbound #UnboundImagination #VinFastVF3 #IIMS2026,https://www.tiktok.com/@iims_id,114,4,0.0,2689,4,,,45768,17100038,17100000,2025-02,122.0,video
7473444746300542216,https://www.tiktok.com/@vinfastindonesia/video/7473444746300542216,@vinfastindonesia,2025-02-20,"Ada activity seru apa aja sih di booth VinFast di @iims_id? Banyak dong, VinFam!

Dari mulai test drive, cycling racing game, pink ballon & chocolate giveaway, playground, Vin-Kids Corner, Football Under the Table, Customized T-shirt for Booking Orders, dan banyak lainnya.

Jangan lupa kunjungi booth VinFast di:
📍 Hall C3 & Pre Function Hall D, JIExpo Kemayoran
🗓️ 13-23 Februari 2025",#VinFastIndonesia #VinFast #EVforEveryone #VinFastEVForEveryone #MobilListrik #LivingUnbound #UnboundComfort #YourDriveYourVibe #UnboundImagination #IIMS2025,https://www.tiktok.com/@iims_id,28,2,0.0,1456,1,,,45768,17100039,17100000,2025-02,31.0,video
7473758318847069448,https://www.tiktok.com/@vinfastindonesia/video/7473758318847069448,@vinfastindonesia,2025-02-21,"Ini dia kesan para VinFam yang udah SPK VinFast VF 3!

Dari warna-warna yang stylish, driving experience yang smooth, sampai interior yang lega untuk ukuran compact, semua emang bikin Tiny Titan ini mudah disukai 🫶🏻.

Test drive VF 3 di @iims_id sekarang:
📍 Hall C3 & Pre Function Hall D, JIExpo Kemayoran
🗓️ 13-23 Februari 2025

Order VF 3 dengan harga Rp227,650,000 dan dapatkan cashback Rp37,850,000 sekarang via hotline bebas pulsa: 1500083.
VinFast, EV for Everyone.",#VinFastIndonesia #VinFast #EVforEveryone #VinFastEVForEveryone #MobilListrik #LivingUnbound #UnboundImagination #VinFastVF3,https://www.tiktok.com/@iims_id,57,0,0.0,1379,2,,,45768,17100040,17100000,2025-02,59.0,video
7473778533110746375,https://www.tiktok.com/@vinfastindonesia/video/7473778533110746375,@vinfastindonesia,2025-02-21,"Terima kasih untuk 1,000 Test Drive VF 3 di @iims_id, VinFam!

Bagaimana pengalaman mengendarai our Tiny Titan? Kamu masih bisa melakukan test drive IIMS hingga hari Minggu ini, ya.

Kunjungi VinFast Arena:
📍 Hall C3 & Pre Function Hall D, JIExpo Kemayoran
🗓️ 13-23 Februari 2025

Order VF 3 dengan harga Rp227,650,000 dan dapatkan cashback Rp37,850,000 sekarang via hotline bebas pulsa: 1500083.

VinFast, EV for Everyone.",#VinFastIndonesia #VinFast #EVforEveryone #VinFastEVForEveryone #MobilListrik #LivingUnbound #UnboundComfort #YourDriveYourVibe #UnboundImagination #IIMS2025,https://www.tiktok.com/@iims_id,39,3,0.0,1115,2,,,45768,17100041,17100000,2025-02,44.0,video
7473817932301225234,https://www.tiktok.com/@vinfastindonesia/video/7473817932301225234,@vinfastindonesia,2025-02-21,"Charge mobil listrik VinFast ternyata free and easy banget, VinFam!

✅ Free: Bagi pengguna mobil listrik VinFast VF e34 dan VF 5 bisa melakukan Free Charging di V-Green Charging Station hingga Desember 2027.

✅ Easy: Tinggal plug charging gun tanpa aplikasi, langsung nge-charge deh! Baterai terisi dalam 27 menit (untuk VF e34) atau 30 menit (untuk VF 5) aja! Cepat dan hemat.

Saat ini, terdapat 840 lokasi charging station dengan 1.595 charging gun, yang akan menjadi 30,000 charging gun di tahun 2025 ini!

Nikmati kemudahan dan kenyamanan berkendara listrik dengan jaringan V-Green Charging Station yang terus berkembang.

VinFast, EV for Everyone.",#VinFastIndonesia #VinFast #EVforEveryone #VinFastEVForEveryone #MobilListrik #LivingUnbound #UnboundComfort #YourDriveYourVibe #VinFastVFe34 #VinFastVF5 #IIMS2025 #VGreen,-,1270,81,0.0,30500,45,,,45768,17100042,17100000,2025-02,1396.0,video
7473819732278349074,https://www.tiktok.com/@vinfastindonesia/video/7473819732278349074,@vinfastindonesia,2025-02-21,"Vin Your Style di VinFast Arena @iims_id kemarin seru banget! ✨

Terima kasih untuk @just.yumi dan fashion community yang berkunjung ke VinFast Arena untuk sharing mengenai fashion dan lebih mengenal 8 pilihan warna VF 3 yang sesuai dengan fashion style mereka.

Ada juga @tyasmirasih08 yang datang berkunjung buat SPK VF 3!

Jangan sampai ketinggalan keseruan weekend terakhir IIMS, ya. Kunjungi VinFast Arena:
📍 Hall C3 & Pre Function Hall D, JIExpo Kemayoran
🗓️ 13-23 Februari 2025

VinFast, EV for Everyone.",#VinFastIndonesia #VinFast #EVforEveryone #VinFastEVForEveryone #MobilListrik #LivingUnbound #UnboundComfort #YourDriveYourVibe #UnboundImagination #IIMS2025,https://www.tiktok.com/@iims_id https://www.tiktok.com/@just.yumi https://www.tiktok.com/@tyasmirasih08,68,2,0.0,1834,1,,,45768,17100043,17100000,2025-02,71.0,video
7474226207534468360,https://www.tiktok.com/@vinfastindonesia/photo/7474226207534468360,@vinfastindonesia,2025-02-22,"Good news buat kamu pemilik VF e34 dan VF 5, VinFam!

Setiap pembelian VF e34 dan VF 5 akan mendapatkan Free Charging di V-Green Charging Station hingga Desember 2027.

Saat ini, terdapat 840 lokasi charging station dengan 1.595 charging gun, yang akan menjadi 30,000 charging gun di tahun 2025 ini!

Nikmati kemudahan dan kenyamanan berkendara listrik dengan jaringan V-Green Charging Station yang terus berkembang.

Test drive VF e34 dan VF 5 di @iims_id sekarang:
📍 Hall C3 & Pre Function Hall D, JIExpo Kemayoran
🗓️ 13-23 Februari 2025

VinFast, EV for Everyone.",#VinFastIndonesia #VinFast #EVforEveryone #VinFastEVForEveryone #MobilListrik #LivingUnbound #UnboundComfort #YourDriveYourVibe #VinFastVFe34 #VinFastVF5 #IIMS2025 #VGreen,-,31,4,0.0,1120,0,,,45768,17100044,17100000,2025-02,35.0,video
7474227947369499912,https://www.tiktok.com/@vinfastindonesia/photo/7474227947369499912,@vinfastindonesia,2025-02-22,"Lebih dari 1,000 VinFam sudah test drive di @Indonesia Int’l Motor Show dan menyukai Our Tiny Titan!

Terima kasih untuk VinFam yang sudah mengunjungi VinFast Arena dan test drive di @iims_id. VF 3 akan segera tersedia di showroom-showroom VinFast agar seluruh VinFam di Indonesia juga bisa test drive VF 3, ya!

Hanya dengan Booking Fee Rp3 juta, kamu bisa melakukan order VF 3 seharga Rp227,650,000 dan dapatkan cashback Rp37,850,000. Hubungi kami sekarang via hotline bebas pulsa: 1500083.

VinFast, EV for Everyone.",#VinFastIndonesia #VinFast #EVforEveryone #VinFastEVForEveryone #MobilListrik #LivingUnbound #UnboundImagination #VinFastVF3 #IIMS2025,https://www.tiktok.com/@iims_id,46,3,0.0,1946,1,,,45768,17100045,17100000,2025-02,50.0,video
7474230863924841744,https://www.tiktok.com/@vinfastindonesia/video/7474230863924841744,@vinfastindonesia,2025-02-22,"Driving VinFast VF 3 makes your imagination unbound!

Desainnya yang compact dan modern bikin kamu jadi pusat perhatian! Saat di jalan, suspensinya empuk dan bikin perjalanan jadi lebih nyaman. Tenaga motor listriknya juga responsif sehingga akselerasi terasa jadi lebih halus.

Mau nyobain langsung test drive VF 3? Kunjungi VinFast di @iims_id:
📍 Hall C3 & Pre Function Hall D, JIExpo Kemayoran
🗓️ 13-23 Februari 2025

Order VF 3 dengan harga Rp227,650,000 dan dapatkan cashback Rp37,850,000 sekarang via hotline bebas pulsa: 1500083.
VinFast, EV for Everyone.",#VinFastIndonesia #VinFast #EVforEveryone #VinFastEVForEveryone #MobilListrik #LivingUnbound #UnboundImagination #VinFastVF3,https://www.tiktok.com/@iims_id,849,36,0.0,21700,36,,,45768,17100046,17100000,2025-02,921.0,video
7474530828895177992,https://www.tiktok.com/@vinfastindonesia/video/7474530828895177992,@vinfastindonesia,2025-02-23,"Apa sih kata orang-orang pas lihat VinFast VF 3? Nonton videonya sampai habis ya, VinFam!

Kalau menurut kamu, VF 3 itu seperti apa?

Kamu juga bisa langsung test drive VF 3 di @iims_id:
📍 Hall C3 & Pre Function Hall D, JIExpo Kemayoran
🗓️ 13-23 Februari 2025

Order VF 3 dengan harga Rp227,650,000 dan dapatkan cashback Rp37,850,000 sekarang via hotline bebas pulsa: 1500083.
VinFast, EV for Everyone.",#VinFastIndonesia #VinFast #EVforEveryone #VinFastEVForEveryone #MobilListrik #LivingUnbound #UnboundImagination #VinFastVF3,https://www.tiktok.com/@iims_id,26,4,0.0,1469,2,,,45768,17100047,17100000,2025-02,32.0,video
7474868427736288520,https://www.tiktok.com/@vinfastindonesia/video/7474868427736288520,@vinfastindonesia,2025-02-24,"VinFast VF 3 stickers are now on WhatsApp!

Bikin pesan chatmu jadi sebebas imajinasimu dengan 3 exclusive VF 3 sticker packs. Ada banyak pilihan desain yang lucu, unik, dan pastinya bikin obrolanmu jadi lebih hidup. Download sekarang di https://sticker.ly/user/vinfast.indonesia.

Order VF 3 dengan harga Rp227,650,000 dan dapatkan cashback Rp37,850,000 sekarang via hotline bebas pulsa: 1500083.

VinFast, EV for Everyone.",#VinFastIndonesia #VinFast #EVforEveryone #VinFastEVForEveryone #MobilListrik #LivingUnbound #UnboundImagination #VinFastVF3,-,17,2,0.0,1036,0,,,45768,17100048,17100000,2025-02,19.0,video
7475219320985947400,https://www.tiktok.com/@vinfastindonesia/photo/7475219320985947400,@vinfastindonesia,2025-02-25,"11 hari yang luar biasa di @Indonesia Int’l Motor Show sudah berakhir! 🥳

Berbagai hal telah kita lalui bersama di IIMS 2025 kali ini, dari official launch VF 3; VinLentine’s Day; Penandatanganan MoU bersama PSSI - Timnas Indonesia; 1,000++ test drive VF 3; berbagai activity di VinFast Arena; hingga VinFast meraih 2 penghargaan IIMS sebagai Best Booth New Area for Passenger Cars and Most Tested Car Choices.

VinFast mengucapkan terima kasih yang sebesar-besarnya kepada seluruh VinFam, pengunjung, dan semua pihak yang telah memeriahkan VinFast Arena. Antusiasme dan dukungan kalian menjadi energi positif yang tak ternilai bagi kami.

Sampai jumpa di keseruan berikutnya! 👋🏻
VinFast, EV for Everyone.",#VinFastIndonesia #VinFast #EVforEveryone #VinFastEVForEveryone #MobilListrik #LivingUnbound #UnboundImagination #VinFastVF3 #IIMS2025,-,204,18,0.0,5902,4,,,45768,17100049,17100000,2025-02,226.0,video
7475696089350376712,https://www.tiktok.com/@vinfastindonesia/video/7475696089350376712,@vinfastindonesia,2025-02-26,"Gak hanya nyaman, interior VF 3 juga fungsional banget, VinFam!

Layar 10 inch-nya memudahkan kamu mengakses berbagai fitur hiburan dan informasi kendaraan. Kursi belakang yang bisa dilipat juga bikin VF 3 cocok buat kamu yang sering bawa barang banyak. Interiornya yang modern dan lega ini juga bisa bikin kamu tetap nyaman.

Jadi, meskipun ukurannya compact, VF 3 tetap bisa kamu andalkan untuk berbagai kebutuhanmu.

Hanya dengan Booking Fee Rp3 juta, kamu bisa melakukan order VF 3 seharga Rp227,650,000 dan dapatkan cashback Rp37,850,000. Hubungi kami sekarang via hotline bebas pulsa: 1500083.

VinFast, EV for Everyone.",#VinFastIndonesia #VinFast #EVforEveryone #VinFastEVForEveryone #MobilListrik #LivingUnbound #UnboundImagination #VinFastVF3,-,48,7,0.0,1751,4,,,45768,17100050,17100000,2025-02,59.0,video
7475729052884536583,https://www.tiktok.com/@vinfastindonesia/video/7475729052884536583,@vinfastindonesia,2025-02-26,"Masih gagal move on dari @iims_id 2025!

Terima kasih VinFam telah membuat perjalanan baru VF 3 di Indonesia menjadi lebih berkesan. Sambutan kalian sangat hangat membuat kami semakin semangat untuk terus memberikan kontribusi yang lebih baik bagi VinFam dan Indonesia.

Kami tidak sabar melanjutkan petualangan yang lebih seru bersama VinFam semua!

Stay tuned di media sosial VinFast Indonesia, ya!

VinFast, EV for Everyone.",#VinFastIndonesia #VinFast #EVforEveryone #VinFastEVForEveryone #MobilListrik #LivingUnbound #UnboundImagination #VinFastVF3 #IIMS2025,https://www.tiktok.com/@iims_id,219,18,0.0,3542,3,,,45768,17100051,17100000,2025-02,240.0,video
7475991298189561096,https://www.tiktok.com/@vinfastindonesia/video/7475991298189561096,@vinfastindonesia,2025-02-27,"VinFast VF e34 juga tak kalah menarik perhatian para pengunjung @iims_id 2025!

Seperti apa kesan mereka terhadap mobil listrik VinFast yang memiliki interior luas ini? Simak videonya sampai akhir ya, VinFam!

VinFast, EV for Everyone.",#VinFastIndonesia #VinFast #EVforEveryone #VinFastEVForEveryone #MobilListrik #LivingUnbound #UnboundComfort #VinFastVFe34 #IIMS2025,https://www.tiktok.com/@iims_id,47,4,0.0,1470,0,,,45768,17100052,17100000,2025-02,51.0,video
7476142391464971527,https://www.tiktok.com/@vinfastindonesia/video/7476142391464971527,@vinfastindonesia,2025-02-27,"VinFast VF 3 hadir dengan berbagai fitur canggih yang siap menemani petualanganmu sehari-hari, VinFam!

Dengan ukuran yang compact, Tiny Titan ini tetap mengutamakan kenyamanan dan keamanan pengemudi serta penumpang.

So, what are you waiting for?

Hanya dengan Booking Fee Rp3 juta, kamu bisa melakukan order VF 3 seharga Rp227,650,000 dan dapatkan cashback Rp37,850,000. Hubungi kami sekarang via hotline bebas pulsa: 1500083.

VinFast, EV for Everyone.",#VinFastIndonesia #VinFast #EVforEveryone #VinFastEVForEveryone #MobilListrik #LivingUnbound #UnboundImagination #VinFastVF3,-,29,4,0.0,1730,1,,,45768,17100053,17100000,2025-02,34.0,video
7476145229381242130,https://www.tiktok.com/@vinfastindonesia/video/7476145229381242130,@vinfastindonesia,2025-02-28,"Antusiasme pengunjung @iims_id pada VinFast VF 3 luar biasa banget!

Bapak Doni dari Jakarta melakukan 25 SPK VinFast VF 3 dan VF e34 secara langsung! Ada juga beberapa testimoni para VinFam yang sudah test drive Tiny Titan ini. Yuk tonton videonya sampai selesai.

Hanya dengan Booking Fee Rp3 juta, kamu bisa melakukan order VF 3 seharga Rp227,650,000 dan dapatkan cashback Rp37,850,000. Hubungi kami sekarang via hotline bebas pulsa: 1500083.

VinFast, EV for Everyone.",#VinFastIndonesia #VinFast #EVforEveryone #VinFastEVForEveryone #MobilListrik #LivingUnbound #UnboundImagination #VinFastVF3,https://www.tiktok.com/@iims_id,44,0,0.0,1685,0,,,45768,17100054,17100000,2025-02,44.0,video
7476634540484594951,https://www.tiktok.com/@vinfastindonesia/photo/7476634540484594951,@vinfastindonesia,2025-03-01,"Marhaban Ya Ramadan! 🌙🕌

Di momen yang penuh makna ini, VinFast ingin mengajak VinFam untuk merenungkan kembali perjalanan hidup, memperkuat iman, dan menyebarkan kebaikan.

Ayo jadikan Ramadan kali ini sebagai momen untuk mengendarai imajinasi tanpa batas, membawa kita pada perjalanan refleksi yang mendalam.

VinFast, EV for Everyone.",#VinFastIndonesia #VinFast #EVforEveryone #VinFastEVForEveryone #MobilListrik #LivingUnbound #UnboundImagination #VinFastVF3,-,113,7,0.0,2567,2,,,45768,17100055,17100000,2025-03,122.0,video
7477484256860704018,https://www.tiktok.com/@vinfastindonesia/photo/7477484256860704018,@vinfastindonesia,2025-03-03,"⚡️ VinFast kini hadir di jalanan Jakarta! 🚗💨

Kami membawa mobil listrik kami menjelajahi setiap sudut kota Jakarta.
Siap memberikan pengalaman baru di dunia otomotif yang ramah lingkungan.

Spot us around Jakarta!

VinFast, EV for Everyone.",#VinFastIndonesia #VinFast #VF3ROADSHOW #EVforEveryone #VinFastEVForEveryone #MobilListrik #LivingUnbound #UnboundImagination #VinFastVF3,-,35,5,0.0,1709,1,,,45768,17100056,17100000,2025-03,41.0,video
7477492258443365633,https://www.tiktok.com/@vinfastindonesia/video/7477492258443365633,@vinfastindonesia,2025-03-03,"Ayo lihat VinFast VF 3 lebih dekat di jalanan Jakarta! 🚗

Our Tiny Titan ini akan berkeliling 4 rute di Jakarta selama 2 minggu hingga 15 Maret 2025 di sekitaran Sudirman, Blok M, PIK Route, dan Kelapa Gading.

Ada yang sudah bertemu VinFast VF 3 Special Custom Design ini di jalanan? Komen di bawah, ya!

VinFast, EV for Everyone.",#VinFastIndonesia #VinFast #VF3ROADSHOW #EVforEveryone #VinFastEVForEveryone #MobilListrik #LivingUnbound #UnboundImagination #VinFastVF3,-,1402,54,0.0,22300,27,,,45768,17100057,17100000,2025-03,1483.0,video
7477897000000834833,https://www.tiktok.com/@vinfastindonesia/video/7477897000000834833,@vinfastindonesia,2025-03-04,"Lihat lebih dekat VinFast VF 3 Special Custom Design!

2 Tiny Titan yang sudah dimodif ini masih akan berkeliling Jakarta hingga 15 Maret 2025, VinFam. Kamu bisa menemukan kedua mobil listrik ini di rute:
🚗 Sudirman: Monas, Bundaran HI, GBK
🚗 Blok M: Blok M, Lotte Fatmawati
🚗 PIK: PIK Avenue, Pantjoran, Pluit Village
🚗 Kelapa Gading: MOI, MKG

Ayo dapatkan inspirasi untuk memodif VF 3 milikmu!

Miliki VF 3 hanya dengan Booking Fee Rp3 juta! Hubungi kami sekarang via hotline bebas pulsa: 1500083.

VinFast, EV for Everyone.",#VinFastIndonesia #VinFast #VF3ROADSHOW #EVforEveryone #VinFastEVForEveryone #MobilListrik #LivingUnbound #UnboundImagination #VinFastVF3,-,73,0,0.0,2000,1,,,45768,17100058,17100000,2025-03,74.0,video
7478655063444000001,https://www.tiktok.com/@vinfastindonesia/video/7478655063444000001,@vinfastindonesia,2025-03-06,"VinFam, saatnya tunjukin imajinasi tanpa batas kamu! Ayo ikut Unbound Creativity Competition: Flexing Kreativitasmu dan kreasikan style kamu, akan ada satu unit VinFast VF 3 untuk kamu yang berhasil bikin karya sekreatif mungkin!

Tunggu info lengkapnya di media sosial VinFast Indonesia pada 10 Maret 2025 dan siapkan kreativitas tanpa batasmu untuk memenangkan Tiny Titan ini. 😎

VinFast, EV for Everyone.",#VinFastIndonesia #VinFast #EVforEveryone #VinFastEVForEveryone #MobilListrik #LivingUnbound #UnboundImagination #VinFastVF3 #FlexingKreativitasmu,-,30,2,0.0,1962,0,,,45768,17100059,17100000,2025-03,32.0,video
7478910537489763592,https://www.tiktok.com/@vinfastindonesia/video/7478910537489763592,@vinfastindonesia,2025-03-07,"Terima kasih VinFam untuk antusiasme terhadap VinFast VF 3 di @iims_id 2025!

Keberhasilan ini menjadi motivasi bagi kami untuk terus berinovasi dan menghadirkan produk-produk terbaik bagi konsumen di Indonesia. Kami percaya, VF 3 akan menjadi pilihan utama di segmen mobil listrik compact, dan penghargaan 'Most Tested Choice Car' ini semakin memperkuat keyakinan kami.

Ayo bersama-sama menciptakan masa depan yang lebih hijau bersama VinFast!

VinFast, EV for Everyone.",#VinFastIndonesia #VinFast #EVforEveryone #VinFastEVForEveryone #MobilListrik #LivingUnbound #UnboundImagination #VinFastVF3,https://www.tiktok.com/@iims_id,34,2,0.0,1725,0,,,45768,17100060,17100000,2025-03,36.0,video
7479073497977851143,https://www.tiktok.com/@vinfastindonesia/video/7479073497977851143,@vinfastindonesia,2025-03-07,"Miliki VF 3 dengan Exclusive Cashback sebesar Rp37,850,000 dan 90% Flexible Resale Value Guarantee!

Dengan booking fee hanya sebesar Rp3 juta, kamu sudah bisa membawa Tiny Titan ini dan menjadikan imajinasimu tanpa batas dalam setiap perjalanan.

Order VinFast VF 3 sekarang mulai dari Rp192,280,000* via hotline bebas pulsa: 1500083.

VinFast, EV for Everyone.

*Tersedia pilihan warna premium dengan tambahan harga.
**Harga termasuk baterai dan berlaku bagi 1,000 pembeli pertama atau sebelum 30 Juni 2025.
***S&K berlaku.",#VinFastIndonesia #VinFast #EVforEveryone #VinFastEVForEveryone #MobilListrik #LivingUnbound #UnboundImagination #VinFastVF3,-,47,6,0.0,2481,4,,,45768,17100061,17100000,2025-03,57.0,video
7479421768424295688,https://www.tiktok.com/@vinfastindonesia/video/7479421768424295688,@vinfastindonesia,2025-03-08,"VinFam, siap-siap karena VinFast VF 3 akan datang untuk membuatmu berimajinasi tanpa batas!

Nah, sekarang giliranmu! Ikuti kompetisi Flexing Kreativitasmu dan menangkan VinFast VF 3 dengan style kamu🚗⚡️!

Tungguin 10 Maret 2025 dan siapkan kreativitas tanpa batasmu untuk menangin Tiny Titan!

VinFast, EV for Everyone.",#VinFastIndonesia #VinFast #EVforEveryone #VinFastEVForEveryone #MobilListrik #LivingUnbound #UnboundImagination #VinFastVF3 #FlexingKreativitasmu,-,68,2,0.0,2941,1,,,45769,17100062,17100000,2025-03,71.0,video
7479732284904475922,https://www.tiktok.com/@vinfastindonesia/video/7479732284904475922,@vinfastindonesia,2025-03-09,"Are You Ready, VinFam?

Siap-siap untuk berimajinasi tanpa batas dengan ikutan kompetisi Flexing Kreativitasmu!

Berikan karya terbaikmu dan menangkan kesempatan untuk mendapatkan VinFast VF 3 🚗⚡️!

Catat tanggalnya, 10 Maret!

VinFast, EV for Everyone.",#VinFastIndonesia #VinFast #EVforEveryone #VinFastEVForEveryone #MobilListrik #LivingUnbound #UnboundImagination #VinFastVF3 #FlexingKreativitasmu,-,33,0,0.0,2222,2,,,45769,17100063,17100000,2025-03,35.0,video
7480450366803397896,https://www.tiktok.com/@vinfastindonesia/photo/7480450366803397896,@vinfastindonesia,2025-03-11,"VinFam, siapkan dirimu untuk berkreasi tanpa batas di Unbound Creativity Competition: Flexing Kreativitasmu, sebuah kompetisi yang memberikan ruang bagi imajinasi tanpa batasmu untuk berpadu dengan VinFast VF 3!

Bebaskan kreativitasmu dalam bentuk apapun, mulai dari desain decal yang memukau, ide modifikasi inovatif, video kreatif yang menginspirasi, dance energik bersama VF 3, lagu tema yang catchy, hingga fashion statement bertema VF 3.

Geser gambar di atas buat cek cara ikutan, ya! Kamu juga bisa cek https://linktr.ee/vinfastflexingkreativitasmu atau klik link di bio untuk info lengkapnya.

Periode kompetisi berlangsung pada 10 Maret - 10 April 2025 dan pemenang akan diumumkan di Motomobi News Karnaval 2025 pada 20 April 2025.

Ayo tunjukkan imajinasi tanpa batasmu dan bawa pulang VF 3 impianmu!
VinFast, EV for Everyone.",#VinFastVF3 #ImajinasiTanpaBatas #FlexingKreativitasmu #VinFastIndonesia #VinFast #EVforEveryone #VinFastEVForEveryone #MobilListrik #LivingUnbound #UnboundImagination,-,31,2,0.0,2369,2,,,45769,17100064,17100000,2025-03,35.0,video
7481253808148860178,https://www.tiktok.com/@vinfastindonesia/video/7481253808148860178,@vinfastindonesia,2025-03-13,"VinFam, siapkan dirimu untuk berkreasi tanpa batas di Unbound Creativity Competition: Flexing Kreativitasmu, sebuah kompetisi yang memberikan ruang bagi imajinasi tanpa batasmu untuk berpadu dengan VinFast VF 3!

Bebaskan kreativitasmu dalam bentuk apapun, mulai dari desain decal yang memukau, ide modifikasi inovatif, video kreatif yang menginspirasi, dance energik bersama VF 3, lagu tema yang catchy, hingga fashion statement bertema VF 3.

Geser gambar di atas buat cek cara ikutan, ya! Kamu juga bisa cek https://linktr.ee/vinfastflexingkreativitasmu atau klik link di bio untuk info lengkapnya.

Periode kompetisi berlangsung pada 10 Maret - 10 April 2025 dan pemenang akan diumumkan di Motomobi News Karnaval 2025 pada 20 April 2025.

Ayo tunjukkan imajinasi tanpa batasmu dan bawa pulang VF 3 impianmu!
VinFast, EV for Everyone.",#VinFastVF3 #ImajinasiTanpaBatas #FlexingKreativitasmu #VinFastIndonesia #VinFast #EVforEveryone #VinFastEVForEveryone #MobilListrik #LivingUnbound #UnboundImagination,-,222,9,0.0,1200000,19,,,45769,17100065,17100000,2025-03,250.0,video
7482710055175982354,https://www.tiktok.com/@vinfastindonesia/video/7482710055175982354,@vinfastindonesia,2025-03-17,"Saatnya driving yang lebih enjoy dengan VinFast VF 3!

Tandanya VF 3 udah pasti bisa menjadi partner yang tepat untuk jalan-jalan sore atau bahkan late night drive!

Jadi, ini saatnya untuk cobain VF 3 sekarang!

VinFast, EV for Everyone.",#VinFastIndonesia #VinFast #VF3ROADSHOW #EVforEveryone #VinFastEVForEveryone #MobilListrik #LivingUnbound #UnboundImagination #VinFastVF3 #VF3RoadshowJakarta,-,32,3,0.0,2202,1,,,45769,17100066,17100000,2025-03,36.0,video
7483014431807491346,https://www.tiktok.com/@vinfastindonesia/video/7483014431807491346,@vinfastindonesia,2025-03-18,"VF 3 Roadshow di Jakarta telah berakhir 15 Maret 2025 lalu, VinFam!

VF 3 berhasil mencuri perhatian di jalanan dengan desainnya yang kontemporer, body compact, dan warna yang mencolok.
Setelah berkeliling Jakarta, kira-kira apa lagi gebrakan dari Tiny Titan ini, ya?

Stay tuned di media sosial VinFast Indonesia!
VinFast, EV for Everyone.",#VinFastIndonesia #VinFast #VF3ROADSHOW #EVforEveryone #VinFastEVForEveryone #MobilListrik #LivingUnbound #UnboundImagination #VinFastVF3,-,141,7,0.0,3306,5,,,45769,17100067,17100000,2025-03,153.0,video
7483111669065977095,https://www.tiktok.com/@vinfastindonesia/video/7483111669065977095,@vinfastindonesia,2025-03-18,"Ikuti VF 3 Competition: Flexing Kreativitasmu dan ekspresikan dirimu lewat karya-karya unik. Cek info lengkapnya di https://linktr.ee/vinfastflexingkreativitasmu atau klik link di bio dan submit kreasi kamu sebelum 10 April 2025 ya!

VinFast, EV for Everyone.",#VinFastVF3 #ImajinasiTanpaBatas #FlexingKreativitasmu #VinFastIndonesia #VinFast #EVforEveryone #VinFastEVForEveryone #MobilListrik #LivingUnbound #UnboundImagination,-,418,16,0.0,1200000,26,,,45769,17100068,17100000,2025-03,460.0,video
7483357662059466001,https://www.tiktok.com/@vinfastindonesia/video/7483357662059466001,@vinfastindonesia,2025-03-19,"VinFast VF 3 mejeng di layar-layar raksasa Jakarta!

Tiny Titan ini siap menggebrak Jakarta dan menjadi bagian dari gaya hidup urban yang dinamis. Siapa yang udah lihat VF di lokasi-lokasi ini? Absen dong kamu ngeliat langsung yang di lokasi mana?

VinFast, EV for Everyone.",#VinFastIndonesia #VinFast #EVforEveryone #VinFastEVForEveryone #MobilListrik #LivingUnbound #UnboundImagination #VinFastVF3,-,49,3,0.0,2516,2,,,45769,17100069,17100000,2025-03,54.0,video
