Resolution,Server Name,Task Name,Total Applied Changes,Avg Apply Throughput (rec/sec),latency,Total Change Volume
01-Feb-2025,QLIK-REPLICATE-PROD-1,JRRB08_JRNBRIM_TO_KAFKA,"200,724,220","2,310",2,687.58 GB
01-Feb-2025,QLIK-REPLICATE-PROD-1,JRRB10_JRNBRIM_TO_KAFKA,"204,779",0,"1,688",2.13 GB
01-Feb-2025,QLIK-REPLICATE-PROD-1,JRRB10_JRNBRIM_TO_KAFKA_2,"300,875,947","3,556","15,702",6.34 TB
01-Feb-2025,QLIK-REPLICATE-PROD-1,JRRB11_JRNBRIM_TO_KAFKA,"1,003,787",14,10,16.07 GB
01-Feb-2025,QLIK-REPLICATE-PROD-1,JRRB13_JRNBRIM_TO_KAFKA,"18,147,242",126,596,26.76 GB
01-Feb-2025,QLIK-REPLICATE-PROD-1,JRTLOG_JRNBRIM_TO_KAFKA,"34,917,067",471,1,253.60 GB
01-Feb-2025,QLIK-REPLICATE-PROD-1,TELJRN24_JRNBRI_TO_KAFKA,"100,523,306","1,142",198,226.61 GB
02-Feb-2025,QLIK-REPLICATE-PROD-1,JRRB08_JRNBRIM_TO_KAFKA,"164,549,492","2,051",7,563.13 GB
02-Feb-2025,QLIK-REPLICATE-PROD-1,JRRB10_JRNBRIM_TO_KAFKA,"100,873",0,"1,361",1.05 GB
02-Feb-2025,QLIK-REPLICATE-PROD-1,JRRB10_JRNBRIM_TO_KAFKA_2,"300,716,867","3,512","14,229",6.34 TB
02-Feb-2025,QLIK-REPLICATE-PROD-1,JRRB11_JRNBRIM_TO_KAFKA,"1,028,271",2,6,16.51 GB
02-Feb-2025,QLIK-REPLICATE-PROD-1,JRRB13_JRNBRIM_TO_KAFKA,"16,228,980",164,575,23.82 GB
02-Feb-2025,QLIK-REPLICATE-PROD-1,JRTLOG_JRNBRIM_TO_KAFKA,"29,328,340",378,1,213.07 GB
02-Feb-2025,QLIK-REPLICATE-PROD-1,TELJRN24_JRNBRI_TO_KAFKA,"122,365,864","1,444",316,275.82 GB
03-Feb-2025,QLIK-REPLICATE-PROD-1,JRRB08_JRNBRIM_TO_KAFKA,"164,983,644","1,775",2,572.84 GB
03-Feb-2025,QLIK-REPLICATE-PROD-1,JRRB10_JRNBRIM_TO_KAFKA,"127,522",1,"1,389",1.62 GB
03-Feb-2025,QLIK-REPLICATE-PROD-1,JRRB10_JRNBRIM_TO_KAFKA_2,"299,129,365","3,568","14,286",6.30 TB
03-Feb-2025,QLIK-REPLICATE-PROD-1,JRRB11_JRNBRIM_TO_KAFKA,"1,083,652",17,8,17.38 GB
03-Feb-2025,QLIK-REPLICATE-PROD-1,JRRB13_JRNBRIM_TO_KAFKA,"16,298,430",133,664,24.16 GB
03-Feb-2025,QLIK-REPLICATE-PROD-1,JRTLOG_JRNBRIM_TO_KAFKA,"34,292,605",382,2,248.76 GB
03-Feb-2025,QLIK-REPLICATE-PROD-1,TELJRN24_JRNBRI_TO_KAFKA,"84,330,762",978,135,184.79 GB
04-Feb-2025,QLIK-REPLICATE-PROD-1,JRRB08_JRNBRIM_TO_KAFKA,"164,592,712","1,922",2,569.48 GB
04-Feb-2025,QLIK-REPLICATE-PROD-1,JRRB10_JRNBRIM_TO_KAFKA,"241,337",1,"1,472",2.86 GB
04-Feb-2025,QLIK-REPLICATE-PROD-1,JRRB10_JRNBRIM_TO_KAFKA_2,"299,781,095","3,517","14,472",6.32 TB
04-Feb-2025,QLIK-REPLICATE-PROD-1,JRRB11_JRNBRIM_TO_KAFKA,"1,058,537",25,7,16.92 GB
04-Feb-2025,QLIK-REPLICATE-PROD-1,JRRB13_JRNBRIM_TO_KAFKA,"16,732,959",182,648,24.70 GB
04-Feb-2025,QLIK-REPLICATE-PROD-1,JRTLOG_JRNBRIM_TO_KAFKA,"32,283,936",411,1,234.55 GB
04-Feb-2025,QLIK-REPLICATE-PROD-1,TELJRN24_JRNBRI_TO_KAFKA,"95,580,872","1,124",191,209.51 GB
05-Feb-2025,QLIK-REPLICATE-PROD-1,JRRB08_JRNBRIM_TO_KAFKA,"181,910,174","1,868",2,623.45 GB
05-Feb-2025,QLIK-REPLICATE-PROD-1,JRRB10_JRNBRIM_TO_KAFKA,"309,276",17,"1,505",3.67 GB
05-Feb-2025,QLIK-REPLICATE-PROD-1,JRRB10_JRNBRIM_TO_KAFKA_2,"299,021,958","3,554","14,870",6.30 TB
05-Feb-2025,QLIK-REPLICATE-PROD-1,JRRB11_JRNBRIM_TO_KAFKA,"1,040,993",13,9,16.65 GB
05-Feb-2025,QLIK-REPLICATE-PROD-1,JRRB13_JRNBRIM_TO_KAFKA,"15,849,021",333,597,23.41 GB
05-Feb-2025,QLIK-REPLICATE-PROD-1,JRTLOG_JRNBRIM_TO_KAFKA,"33,341,573",379,2,241.87 GB
05-Feb-2025,QLIK-REPLICATE-PROD-1,TELJRN24_JRNBRI_TO_KAFKA,"95,478,192","1,113",186,207.70 GB
06-Feb-2025,QLIK-REPLICATE-PROD-1,JRRB08_JRNBRIM_TO_KAFKA,"160,553,095","1,867",2,554.09 GB
06-Feb-2025,QLIK-REPLICATE-PROD-1,JRRB10_JRNBRIM_TO_KAFKA,"307,619",1,"1,441",3.64 GB
06-Feb-2025,QLIK-REPLICATE-PROD-1,JRRB10_JRNBRIM_TO_KAFKA_2,"299,035,861","3,420","15,210",6.30 TB
06-Feb-2025,QLIK-REPLICATE-PROD-1,JRRB11_JRNBRIM_TO_KAFKA,"1,056,659",0,8,16.91 GB
06-Feb-2025,QLIK-REPLICATE-PROD-1,JRRB13_JRNBRIM_TO_KAFKA,"15,785,902",163,627,23.27 GB
06-Feb-2025,QLIK-REPLICATE-PROD-1,JRTLOG_JRNBRIM_TO_KAFKA,"31,769,546",407,2,230.47 GB
06-Feb-2025,QLIK-REPLICATE-PROD-1,TELJRN24_JRNBRI_TO_KAFKA,"106,853,446","1,220",211,230.47 GB
07-Feb-2025,QLIK-REPLICATE-PROD-1,JRRB08_JRNBRIM_TO_KAFKA,"154,225,439","1,704",2,535.29 GB
07-Feb-2025,QLIK-REPLICATE-PROD-1,JRRB10_JRNBRIM_TO_KAFKA,"308,469",20,"1,468",3.68 GB
07-Feb-2025,QLIK-REPLICATE-PROD-1,JRRB10_JRNBRIM_TO_KAFKA_2,"299,104,089","3,619","14,686",6.30 TB
07-Feb-2025,QLIK-REPLICATE-PROD-1,JRRB11_JRNBRIM_TO_KAFKA,"1,046,935",15,10,16.75 GB
07-Feb-2025,QLIK-REPLICATE-PROD-1,JRRB13_JRNBRIM_TO_KAFKA,"15,733,058",332,645,23.23 GB
07-Feb-2025,QLIK-REPLICATE-PROD-1,JRTLOG_JRNBRIM_TO_KAFKA,"31,597,789",344,2,229.25 GB
07-Feb-2025,QLIK-REPLICATE-PROD-1,TELJRN24_JRNBRI_TO_KAFKA,"93,740,993","1,107",180,204.38 GB
08-Feb-2025,QLIK-REPLICATE-PROD-1,JRRB08_JRNBRIM_TO_KAFKA,"150,511,375","1,808",2,522.19 GB
08-Feb-2025,QLIK-REPLICATE-PROD-1,JRRB10_JRNBRIM_TO_KAFKA,"218,874",0,"1,533",2.32 GB
08-Feb-2025,QLIK-REPLICATE-PROD-1,JRRB10_JRNBRIM_TO_KAFKA_2,"299,160,706","3,486","15,045",6.30 TB
08-Feb-2025,QLIK-REPLICATE-PROD-1,JRRB11_JRNBRIM_TO_KAFKA,"1,038,740",15,4,16.64 GB
08-Feb-2025,QLIK-REPLICATE-PROD-1,JRRB13_JRNBRIM_TO_KAFKA,"15,545,286",146,686,22.82 GB
08-Feb-2025,QLIK-REPLICATE-PROD-1,JRTLOG_JRNBRIM_TO_KAFKA,"29,260,792",317,2,212.37 GB
08-Feb-2025,QLIK-REPLICATE-PROD-1,TELJRN24_JRNBRI_TO_KAFKA,"89,910,326",995,185,198.55 GB
09-Feb-2025,QLIK-REPLICATE-PROD-1,JRRB08_JRNBRIM_TO_KAFKA,"163,752,335","1,744",3,553.34 GB
09-Feb-2025,QLIK-REPLICATE-PROD-1,JRRB10_JRNBRIM_TO_KAFKA,"108,336",0,"1,555",1.13 GB
09-Feb-2025,QLIK-REPLICATE-PROD-1,JRRB10_JRNBRIM_TO_KAFKA_2,"299,613,817","3,522","14,227",6.31 TB
09-Feb-2025,QLIK-REPLICATE-PROD-1,JRRB11_JRNBRIM_TO_KAFKA,"1,012,577",1,9,16.26 GB
09-Feb-2025,QLIK-REPLICATE-PROD-1,JRRB13_JRNBRIM_TO_KAFKA,"15,378,612",166,662,22.54 GB
09-Feb-2025,QLIK-REPLICATE-PROD-1,JRTLOG_JRNBRIM_TO_KAFKA,"26,266,661",353,2,190.77 GB
09-Feb-2025,QLIK-REPLICATE-PROD-1,TELJRN24_JRNBRI_TO_KAFKA,"89,238,619","1,050",154,200.49 GB
10-Feb-2025,QLIK-REPLICATE-PROD-1,JRRB08_JRNBRIM_TO_KAFKA,"169,446,891","1,888",2,584.31 GB
10-Feb-2025,QLIK-REPLICATE-PROD-1,JRRB10_JRNBRIM_TO_KAFKA,"139,023",1,"1,385",1.84 GB
10-Feb-2025,QLIK-REPLICATE-PROD-1,JRRB10_JRNBRIM_TO_KAFKA_2,"298,915,159","3,614","15,311",6.30 TB
10-Feb-2025,QLIK-REPLICATE-PROD-1,JRRB11_JRNBRIM_TO_KAFKA,"1,045,849",14,9,16.78 GB
10-Feb-2025,QLIK-REPLICATE-PROD-1,JRRB13_JRNBRIM_TO_KAFKA,"15,649,089",174,661,23.18 GB
10-Feb-2025,QLIK-REPLICATE-PROD-1,JRTLOG_JRNBRIM_TO_KAFKA,"33,448,350",388,2,242.96 GB
10-Feb-2025,QLIK-REPLICATE-PROD-1,TELJRN24_JRNBRI_TO_KAFKA,"89,385,657",994,161,194.83 GB
11-Feb-2025,QLIK-REPLICATE-PROD-1,JRRB08_JRNBRIM_TO_KAFKA,"148,706,144","1,855",7,513.37 GB
11-Feb-2025,QLIK-REPLICATE-PROD-1,JRRB10_JRNBRIM_TO_KAFKA,"185,471",1,"2,075",2.38 GB
11-Feb-2025,QLIK-REPLICATE-PROD-1,JRRB10_JRNBRIM_TO_KAFKA_2,"296,397,041","3,462","17,191",6.25 TB
11-Feb-2025,QLIK-REPLICATE-PROD-1,JRRB11_JRNBRIM_TO_KAFKA,"80,584",2,61,180.77 MB
11-Feb-2025,QLIK-REPLICATE-PROD-1,JRRB13_JRNBRIM_TO_KAFKA,"15,532,625",189,"1,170",22.92 GB
11-Feb-2025,QLIK-REPLICATE-PROD-1,JRTLOG_JRNBRIM_TO_KAFKA,"32,153,910",356,2,233.44 GB
11-Feb-2025,QLIK-REPLICATE-PROD-1,TELJRN24_JRNBRI_TO_KAFKA,"90,143,038","1,034",535,189.71 GB
12-Feb-2025,QLIK-REPLICATE-PROD-1,JRRB08_JRNBRIM_TO_KAFKA,"151,320,323","1,673",2,524.86 GB
12-Feb-2025,QLIK-REPLICATE-PROD-1,JRRB10_JRNBRIM_TO_KAFKA,"307,741",5,"1,505",3.67 GB
12-Feb-2025,QLIK-REPLICATE-PROD-1,JRRB10_JRNBRIM_TO_KAFKA_2,"299,255,492","3,590","14,060",6.31 TB
12-Feb-2025,QLIK-REPLICATE-PROD-1,JRRB11_JRNBRIM_TO_KAFKA,"1,027,194",12,9,16.45 GB
12-Feb-2025,QLIK-REPLICATE-PROD-1,JRRB13_JRNBRIM_TO_KAFKA,"15,594,648",292,597,22.99 GB
12-Feb-2025,QLIK-REPLICATE-PROD-1,JRTLOG_JRNBRIM_TO_KAFKA,"31,097,594",388,2,225.62 GB
12-Feb-2025,QLIK-REPLICATE-PROD-1,TELJRN24_JRNBRI_TO_KAFKA,"87,965,680",919,156,193.07 GB
13-Feb-2025,QLIK-REPLICATE-PROD-1,JRRB08_JRNBRIM_TO_KAFKA,"162,614,686","1,750",2,556.37 GB
13-Feb-2025,QLIK-REPLICATE-PROD-1,JRRB10_JRNBRIM_TO_KAFKA,"295,989",15,"1,470",3.52 GB
13-Feb-2025,QLIK-REPLICATE-PROD-1,JRRB10_JRNBRIM_TO_KAFKA_2,"301,438,303","3,530","14,156",6.35 TB
13-Feb-2025,QLIK-REPLICATE-PROD-1,JRRB11_JRNBRIM_TO_KAFKA,"1,052,449",2,10,16.85 GB
13-Feb-2025,QLIK-REPLICATE-PROD-1,JRRB13_JRNBRIM_TO_KAFKA,"15,606,959",380,645,23.03 GB
13-Feb-2025,QLIK-REPLICATE-PROD-1,JRTLOG_JRNBRIM_TO_KAFKA,"30,252,955",323,1,219.48 GB
13-Feb-2025,QLIK-REPLICATE-PROD-1,TELJRN24_JRNBRI_TO_KAFKA,"87,767,349","1,005",164,192.14 GB
14-Feb-2025,QLIK-REPLICATE-PROD-1,JRRB08_JRNBRIM_TO_KAFKA,"165,519,322","1,920",2,565.86 GB
14-Feb-2025,QLIK-REPLICATE-PROD-1,JRRB10_JRNBRIM_TO_KAFKA,"299,557",15,"1,463",3.58 GB
14-Feb-2025,QLIK-REPLICATE-PROD-1,JRRB10_JRNBRIM_TO_KAFKA_2,"299,268,966","3,538","14,028",6.31 TB
14-Feb-2025,QLIK-REPLICATE-PROD-1,JRRB11_JRNBRIM_TO_KAFKA,"1,042,237",21,12,16.69 GB
14-Feb-2025,QLIK-REPLICATE-PROD-1,JRRB13_JRNBRIM_TO_KAFKA,"15,650,273",345,640,23.11 GB
14-Feb-2025,QLIK-REPLICATE-PROD-1,JRTLOG_JRNBRIM_TO_KAFKA,"31,087,409",328,1,225.79 GB
14-Feb-2025,QLIK-REPLICATE-PROD-1,TELJRN24_JRNBRI_TO_KAFKA,"96,252,289","1,014",196,209.13 GB
15-Feb-2025,QLIK-REPLICATE-PROD-1,JRRB08_JRNBRIM_TO_KAFKA,"154,133,232","1,804",2,535.32 GB
15-Feb-2025,QLIK-REPLICATE-PROD-1,JRRB10_JRNBRIM_TO_KAFKA,"221,816",15,"1,463",2.38 GB
15-Feb-2025,QLIK-REPLICATE-PROD-1,JRRB10_JRNBRIM_TO_KAFKA_2,"299,365,312","3,507","14,227",6.31 TB
15-Feb-2025,QLIK-REPLICATE-PROD-1,JRRB11_JRNBRIM_TO_KAFKA,"1,045,164",14,6,16.75 GB
15-Feb-2025,QLIK-REPLICATE-PROD-1,JRRB13_JRNBRIM_TO_KAFKA,"15,536,507",320,596,22.86 GB
15-Feb-2025,QLIK-REPLICATE-PROD-1,JRTLOG_JRNBRIM_TO_KAFKA,"31,671,837",331,1,230.05 GB
15-Feb-2025,QLIK-REPLICATE-PROD-1,TELJRN24_JRNBRI_TO_KAFKA,"98,656,086",923,207,215.72 GB
16-Feb-2025,QLIK-REPLICATE-PROD-1,JRRB08_JRNBRIM_TO_KAFKA,"139,122,526","1,601",2,482.69 GB
16-Feb-2025,QLIK-REPLICATE-PROD-1,JRRB10_JRNBRIM_TO_KAFKA,"111,868",0,"1,489",1.17 GB
16-Feb-2025,QLIK-REPLICATE-PROD-1,JRRB10_JRNBRIM_TO_KAFKA_2,"300,055,364","3,641","13,884",6.32 TB
16-Feb-2025,QLIK-REPLICATE-PROD-1,JRRB11_JRNBRIM_TO_KAFKA,"1,004,351",13,6,16.13 GB
16-Feb-2025,QLIK-REPLICATE-PROD-1,JRRB13_JRNBRIM_TO_KAFKA,"15,334,506",310,659,22.47 GB
16-Feb-2025,QLIK-REPLICATE-PROD-1,JRTLOG_JRNBRIM_TO_KAFKA,"27,202,666",342,2,197.64 GB
16-Feb-2025,QLIK-REPLICATE-PROD-1,TELJRN24_JRNBRI_TO_KAFKA,"91,791,778",970,156,208.90 GB
17-Feb-2025,QLIK-REPLICATE-PROD-1,JRRB08_JRNBRIM_TO_KAFKA,"171,556,656","1,831",2,587.67 GB
17-Feb-2025,QLIK-REPLICATE-PROD-1,JRRB10_JRNBRIM_TO_KAFKA,"137,678",1,"1,602",1.81 GB
17-Feb-2025,QLIK-REPLICATE-PROD-1,JRRB10_JRNBRIM_TO_KAFKA_2,"299,288,675","3,665","15,305",6.31 TB
17-Feb-2025,QLIK-REPLICATE-PROD-1,JRRB11_JRNBRIM_TO_KAFKA,"1,035,429",13,8,16.62 GB
17-Feb-2025,QLIK-REPLICATE-PROD-1,JRRB13_JRNBRIM_TO_KAFKA,"15,563,218",163,731,23.05 GB
17-Feb-2025,QLIK-REPLICATE-PROD-1,JRTLOG_JRNBRIM_TO_KAFKA,"32,156,525",403,2,233.38 GB
17-Feb-2025,QLIK-REPLICATE-PROD-1,TELJRN24_JRNBRI_TO_KAFKA,"81,131,227",868,131,179.43 GB
18-Feb-2025,QLIK-REPLICATE-PROD-1,JRRB08_JRNBRIM_TO_KAFKA,"153,309,881","1,794",2,531.16 GB
18-Feb-2025,QLIK-REPLICATE-PROD-1,JRRB10_JRNBRIM_TO_KAFKA,"248,778",1,"1,436",3.02 GB
18-Feb-2025,QLIK-REPLICATE-PROD-1,JRRB10_JRNBRIM_TO_KAFKA_2,"299,439,879","3,698","15,155",6.31 TB
18-Feb-2025,QLIK-REPLICATE-PROD-1,JRRB11_JRNBRIM_TO_KAFKA,"1,013,210",10,9,16.21 GB
18-Feb-2025,QLIK-REPLICATE-PROD-1,JRRB13_JRNBRIM_TO_KAFKA,"15,613,081",208,622,23.06 GB
18-Feb-2025,QLIK-REPLICATE-PROD-1,JRTLOG_JRNBRIM_TO_KAFKA,"31,593,917",389,2,229.46 GB
18-Feb-2025,QLIK-REPLICATE-PROD-1,TELJRN24_JRNBRI_TO_KAFKA,"100,999,805","1,115",202,218.38 GB
19-Feb-2025,QLIK-REPLICATE-PROD-1,JRRB08_JRNBRIM_TO_KAFKA,"150,263,645","1,776",2,521.90 GB
19-Feb-2025,QLIK-REPLICATE-PROD-1,JRRB10_JRNBRIM_TO_KAFKA,"300,485",1,"1,546",3.55 GB
19-Feb-2025,QLIK-REPLICATE-PROD-1,JRRB10_JRNBRIM_TO_KAFKA_2,"299,398,516","3,669","14,453",6.31 TB
19-Feb-2025,QLIK-REPLICATE-PROD-1,JRRB11_JRNBRIM_TO_KAFKA,"1,017,807",0,7,16.30 GB
19-Feb-2025,QLIK-REPLICATE-PROD-1,JRRB13_JRNBRIM_TO_KAFKA,"15,568,805",173,696,22.99 GB
19-Feb-2025,QLIK-REPLICATE-PROD-1,JRTLOG_JRNBRIM_TO_KAFKA,"30,991,664",379,1,224.87 GB
19-Feb-2025,QLIK-REPLICATE-PROD-1,TELJRN24_JRNBRI_TO_KAFKA,"88,812,465",903,168,193.52 GB
20-Feb-2025,QLIK-REPLICATE-PROD-1,JRRB08_JRNBRIM_TO_KAFKA,"178,018,335","2,015",3,606.03 GB
20-Feb-2025,QLIK-REPLICATE-PROD-1,JRRB10_JRNBRIM_TO_KAFKA,"288,756",1,"1,508",3.40 GB
20-Feb-2025,QLIK-REPLICATE-PROD-1,JRRB10_JRNBRIM_TO_KAFKA_2,"299,458,865","3,661","14,482",6.31 TB
20-Feb-2025,QLIK-REPLICATE-PROD-1,JRRB11_JRNBRIM_TO_KAFKA,"1,020,243",13,6,16.34 GB
20-Feb-2025,QLIK-REPLICATE-PROD-1,JRRB13_JRNBRIM_TO_KAFKA,"15,565,283",228,670,22.98 GB
20-Feb-2025,QLIK-REPLICATE-PROD-1,JRTLOG_JRNBRIM_TO_KAFKA,"32,035,848",351,1,232.50 GB
20-Feb-2025,QLIK-REPLICATE-PROD-1,TELJRN24_JRNBRI_TO_KAFKA,"86,660,405",981,157,188.88 GB
21-Feb-2025,QLIK-REPLICATE-PROD-1,JRRB08_JRNBRIM_TO_KAFKA,"183,191,264","1,917",2,627.29 GB
21-Feb-2025,QLIK-REPLICATE-PROD-1,JRRB10_JRNBRIM_TO_KAFKA,"291,654",1,"1,551",3.45 GB
21-Feb-2025,QLIK-REPLICATE-PROD-1,JRRB10_JRNBRIM_TO_KAFKA_2,"299,821,992","3,653","15,561",6.32 TB
21-Feb-2025,QLIK-REPLICATE-PROD-1,JRRB11_JRNBRIM_TO_KAFKA,"1,029,336",12,9,16.48 GB
21-Feb-2025,QLIK-REPLICATE-PROD-1,JRRB13_JRNBRIM_TO_KAFKA,"15,579,909",175,625,23.01 GB
21-Feb-2025,QLIK-REPLICATE-PROD-1,JRTLOG_JRNBRIM_TO_KAFKA,"34,249,288",362,1,248.46 GB
21-Feb-2025,QLIK-REPLICATE-PROD-1,TELJRN24_JRNBRI_TO_KAFKA,"106,866,524","1,159",250,233.29 GB
22-Feb-2025,QLIK-REPLICATE-PROD-1,JRRB08_JRNBRIM_TO_KAFKA,"149,618,219","1,604",1,517.62 GB
22-Feb-2025,QLIK-REPLICATE-PROD-1,JRRB10_JRNBRIM_TO_KAFKA,"226,029",0,"1,557",2.45 GB
22-Feb-2025,QLIK-REPLICATE-PROD-1,JRRB10_JRNBRIM_TO_KAFKA_2,"299,875,258","3,619","14,675",6.32 TB
22-Feb-2025,QLIK-REPLICATE-PROD-1,JRRB11_JRNBRIM_TO_KAFKA,"1,027,659",14,8,16.47 GB
22-Feb-2025,QLIK-REPLICATE-PROD-1,JRRB13_JRNBRIM_TO_KAFKA,"15,575,251",293,631,23.02 GB
22-Feb-2025,QLIK-REPLICATE-PROD-1,JRTLOG_JRNBRIM_TO_KAFKA,"29,685,813",317,2,215.66 GB
22-Feb-2025,QLIK-REPLICATE-PROD-1,TELJRN24_JRNBRI_TO_KAFKA,"108,561,682","1,131",233,236.82 GB
23-Feb-2025,QLIK-REPLICATE-PROD-1,JRRB08_JRNBRIM_TO_KAFKA,"139,967,482","1,589",3,478.20 GB
23-Feb-2025,QLIK-REPLICATE-PROD-1,JRRB10_JRNBRIM_TO_KAFKA,"119,544",0,"1,415",1.25 GB
23-Feb-2025,QLIK-REPLICATE-PROD-1,JRRB10_JRNBRIM_TO_KAFKA_2,"299,940,245","3,613","13,190",6.32 TB
23-Feb-2025,QLIK-REPLICATE-PROD-1,JRRB11_JRNBRIM_TO_KAFKA,"998,152",14,9,16.04 GB
23-Feb-2025,QLIK-REPLICATE-PROD-1,JRRB13_JRNBRIM_TO_KAFKA,"15,420,135",169,638,22.60 GB
23-Feb-2025,QLIK-REPLICATE-PROD-1,JRTLOG_JRNBRIM_TO_KAFKA,"25,668,017",279,1,186.60 GB
23-Feb-2025,QLIK-REPLICATE-PROD-1,TELJRN24_JRNBRI_TO_KAFKA,"88,743,120","1,030",156,198.57 GB
24-Feb-2025,QLIK-REPLICATE-PROD-1,JRRB08_JRNBRIM_TO_KAFKA,"150,377,553","1,799",2,520.81 GB
24-Feb-2025,QLIK-REPLICATE-PROD-1,JRRB10_JRNBRIM_TO_KAFKA,"132,752",1,"1,420",1.71 GB
24-Feb-2025,QLIK-REPLICATE-PROD-1,JRRB10_JRNBRIM_TO_KAFKA_2,"299,461,703","3,497","13,195",6.31 TB
24-Feb-2025,QLIK-REPLICATE-PROD-1,JRRB11_JRNBRIM_TO_KAFKA,"1,023,703",14,6,16.43 GB
24-Feb-2025,QLIK-REPLICATE-PROD-1,JRRB13_JRNBRIM_TO_KAFKA,"15,691,167",173,687,23.31 GB
24-Feb-2025,QLIK-REPLICATE-PROD-1,JRTLOG_JRNBRIM_TO_KAFKA,"30,819,024",333,2,223.74 GB
24-Feb-2025,QLIK-REPLICATE-PROD-1,TELJRN24_JRNBRI_TO_KAFKA,"73,299,625",769,88,161.50 GB
25-Feb-2025,QLIK-REPLICATE-PROD-1,JRRB08_JRNBRIM_TO_KAFKA,"189,560,908","1,884",16,648.44 GB
25-Feb-2025,QLIK-REPLICATE-PROD-1,JRRB10_JRNBRIM_TO_KAFKA,"228,309",11,"1,531",2.74 GB
25-Feb-2025,QLIK-REPLICATE-PROD-1,JRRB10_JRNBRIM_TO_KAFKA_2,"299,947,175","3,459","13,675",6.32 TB
25-Feb-2025,QLIK-REPLICATE-PROD-1,JRRB11_JRNBRIM_TO_KAFKA,"1,017,029",24,6,16.28 GB
25-Feb-2025,QLIK-REPLICATE-PROD-1,JRRB13_JRNBRIM_TO_KAFKA,"16,067,958",179,685,23.95 GB
25-Feb-2025,QLIK-REPLICATE-PROD-1,JRTLOG_JRNBRIM_TO_KAFKA,"34,416,022",386,2,249.94 GB
25-Feb-2025,QLIK-REPLICATE-PROD-1,TELJRN24_JRNBRI_TO_KAFKA,"87,290,019",940,155,190.37 GB
26-Feb-2025,QLIK-REPLICATE-PROD-1,JRRB08_JRNBRIM_TO_KAFKA,"161,423,561","2,046",2,559.78 GB
26-Feb-2025,QLIK-REPLICATE-PROD-1,JRRB10_JRNBRIM_TO_KAFKA,"264,551",5,"1,557",3.03 GB
26-Feb-2025,QLIK-REPLICATE-PROD-1,JRRB10_JRNBRIM_TO_KAFKA_2,"300,330,504","3,500","14,054",6.33 TB
26-Feb-2025,QLIK-REPLICATE-PROD-1,JRRB11_JRNBRIM_TO_KAFKA,"988,101",0,6,15.81 GB
26-Feb-2025,QLIK-REPLICATE-PROD-1,JRRB13_JRNBRIM_TO_KAFKA,"15,952,017",156,629,23.88 GB
26-Feb-2025,QLIK-REPLICATE-PROD-1,JRTLOG_JRNBRIM_TO_KAFKA,"32,898,134",412,2,239.01 GB
26-Feb-2025,QLIK-REPLICATE-PROD-1,TELJRN24_JRNBRI_TO_KAFKA,"111,956,812","1,329",241,242.05 GB
27-Feb-2025,QLIK-REPLICATE-PROD-1,JRRB08_JRNBRIM_TO_KAFKA,"162,118,787","1,792",2,564.12 GB
27-Feb-2025,QLIK-REPLICATE-PROD-1,JRRB10_JRNBRIM_TO_KAFKA,"239,257",11,"1,530",2.67 GB
27-Feb-2025,QLIK-REPLICATE-PROD-1,JRRB10_JRNBRIM_TO_KAFKA_2,"300,213,719","3,507","13,882",6.33 TB
27-Feb-2025,QLIK-REPLICATE-PROD-1,JRRB11_JRNBRIM_TO_KAFKA,"1,016,796",13,8,16.29 GB
27-Feb-2025,QLIK-REPLICATE-PROD-1,JRRB13_JRNBRIM_TO_KAFKA,"15,970,155",169,709,23.95 GB
27-Feb-2025,QLIK-REPLICATE-PROD-1,JRTLOG_JRNBRIM_TO_KAFKA,"34,257,672",399,2,249.13 GB
27-Feb-2025,QLIK-REPLICATE-PROD-1,TELJRN24_JRNBRI_TO_KAFKA,"93,478,373",988,168,204.25 GB
28-Feb-2025,QLIK-REPLICATE-PROD-1,JRRB08_JRNBRIM_TO_KAFKA,"202,719,953","2,212",2,704.12 GB
28-Feb-2025,QLIK-REPLICATE-PROD-1,JRRB10_JRNBRIM_TO_KAFKA,"216,570",0,"1,545",2.34 GB
28-Feb-2025,QLIK-REPLICATE-PROD-1,JRRB10_JRNBRIM_TO_KAFKA_2,"301,169,948","3,516","14,393",6.35 TB
28-Feb-2025,QLIK-REPLICATE-PROD-1,JRRB11_JRNBRIM_TO_KAFKA,"1,200,405",14,10,19.23 GB
28-Feb-2025,QLIK-REPLICATE-PROD-1,JRRB13_JRNBRIM_TO_KAFKA,"16,488,094",143,617,24.95 GB
28-Feb-2025,QLIK-REPLICATE-PROD-1,JRTLOG_JRNBRIM_TO_KAFKA,"42,205,375",478,1,307.85 GB
28-Feb-2025,QLIK-REPLICATE-PROD-1,TELJRN24_JRNBRI_TO_KAFKA,"94,272,404",752,153,209.12 GB
01-Mar-2025,QLIK-REPLICATE-PROD-1,JRRB08_JRNBRIM_TO_KAFKA,"197,873,082","2,221",2,679.81 GB
01-Mar-2025,QLIK-REPLICATE-PROD-1,JRRB10_JRNBRIM_TO_KAFKA,"160,278",0,"1,914",1.67 GB
01-Mar-2025,QLIK-REPLICATE-PROD-1,JRRB10_JRNBRIM_TO_KAFKA_2,"302,429,718","3,558","14,381",6.37 TB
01-Mar-2025,QLIK-REPLICATE-PROD-1,JRRB11_JRNBRIM_TO_KAFKA,"1,230,927",0,15,19.71 GB
01-Mar-2025,QLIK-REPLICATE-PROD-1,JRRB13_JRNBRIM_TO_KAFKA,"18,008,655",133,732,26.55 GB
01-Mar-2025,QLIK-REPLICATE-PROD-1,JRTLOG_JRNBRIM_TO_KAFKA,"34,692,971",381,1,252.11 GB
01-Mar-2025,QLIK-REPLICATE-PROD-1,TELJRN24_JRNBRI_TO_KAFKA,"118,753,323","1,336",287,266.21 GB
02-Mar-2025,QLIK-REPLICATE-PROD-1,JRRB08_JRNBRIM_TO_KAFKA,"169,284,463","1,641",5,573.60 GB
02-Mar-2025,QLIK-REPLICATE-PROD-1,JRRB10_JRNBRIM_TO_KAFKA,"76,323",0,"1,496",815.27 MB
02-Mar-2025,QLIK-REPLICATE-PROD-1,JRRB10_JRNBRIM_TO_KAFKA_2,"301,439,657","3,523","13,521",6.35 TB
02-Mar-2025,QLIK-REPLICATE-PROD-1,JRRB11_JRNBRIM_TO_KAFKA,"1,021,034",26,7,16.39 GB
02-Mar-2025,QLIK-REPLICATE-PROD-1,JRRB13_JRNBRIM_TO_KAFKA,"15,934,556",175,663,23.38 GB
02-Mar-2025,QLIK-REPLICATE-PROD-1,JRTLOG_JRNBRIM_TO_KAFKA,"28,342,005",317,1,205.84 GB
02-Mar-2025,QLIK-REPLICATE-PROD-1,TELJRN24_JRNBRI_TO_KAFKA,"119,179,936","1,409",291,267.48 GB
03-Mar-2025,QLIK-REPLICATE-PROD-1,JRRB08_JRNBRIM_TO_KAFKA,"181,859,430","2,078",3,623.67 GB
03-Mar-2025,QLIK-REPLICATE-PROD-1,JRRB10_JRNBRIM_TO_KAFKA,"101,932",11,"1,476",1.28 GB
03-Mar-2025,QLIK-REPLICATE-PROD-1,JRRB10_JRNBRIM_TO_KAFKA_2,"301,272,801","3,502","13,550",6.35 TB
03-Mar-2025,QLIK-REPLICATE-PROD-1,JRRB11_JRNBRIM_TO_KAFKA,"1,071,209",14,5,17.18 GB
03-Mar-2025,QLIK-REPLICATE-PROD-1,JRRB13_JRNBRIM_TO_KAFKA,"16,062,243",382,725,23.80 GB
03-Mar-2025,QLIK-REPLICATE-PROD-1,JRTLOG_JRNBRIM_TO_KAFKA,"34,857,912",447,2,252.87 GB
03-Mar-2025,QLIK-REPLICATE-PROD-1,TELJRN24_JRNBRI_TO_KAFKA,"91,581,583",969,191,206.56 GB
04-Mar-2025,QLIK-REPLICATE-PROD-1,JRRB08_JRNBRIM_TO_KAFKA,"159,492,785","1,632",1,552.91 GB
04-Mar-2025,QLIK-REPLICATE-PROD-1,JRRB10_JRNBRIM_TO_KAFKA,"217,430",7,"1,564",2.63 GB
04-Mar-2025,QLIK-REPLICATE-PROD-1,JRRB10_JRNBRIM_TO_KAFKA_2,"301,292,049","3,521","13,708",6.35 TB
04-Mar-2025,QLIK-REPLICATE-PROD-1,JRRB11_JRNBRIM_TO_KAFKA,"1,052,387",0,8,16.82 GB
04-Mar-2025,QLIK-REPLICATE-PROD-1,JRRB13_JRNBRIM_TO_KAFKA,"16,614,228",173,708,24.55 GB
04-Mar-2025,QLIK-REPLICATE-PROD-1,JRTLOG_JRNBRIM_TO_KAFKA,"32,283,455",367,1,234.09 GB
04-Mar-2025,QLIK-REPLICATE-PROD-1,TELJRN24_JRNBRI_TO_KAFKA,"97,663,790","1,183",195,216.22 GB
05-Mar-2025,QLIK-REPLICATE-PROD-1,JRRB08_JRNBRIM_TO_KAFKA,"183,948,429","1,871",1,630.90 GB
05-Mar-2025,QLIK-REPLICATE-PROD-1,JRRB10_JRNBRIM_TO_KAFKA,"280,396",1,"1,481",3.34 GB
05-Mar-2025,QLIK-REPLICATE-PROD-1,JRRB10_JRNBRIM_TO_KAFKA_2,"301,269,405","3,501","13,425",6.35 TB
05-Mar-2025,QLIK-REPLICATE-PROD-1,JRRB11_JRNBRIM_TO_KAFKA,"1,052,160",0,7,16.84 GB
05-Mar-2025,QLIK-REPLICATE-PROD-1,JRRB13_JRNBRIM_TO_KAFKA,"16,512,512",57,726,24.45 GB
05-Mar-2025,QLIK-REPLICATE-PROD-1,JRTLOG_JRNBRIM_TO_KAFKA,"34,114,078",364,2,247.35 GB
05-Mar-2025,QLIK-REPLICATE-PROD-1,TELJRN24_JRNBRI_TO_KAFKA,"93,397,156","1,029",168,207.21 GB
06-Mar-2025,QLIK-REPLICATE-PROD-1,JRRB08_JRNBRIM_TO_KAFKA,"164,118,973","1,757",2,567.44 GB
06-Mar-2025,QLIK-REPLICATE-PROD-1,JRRB10_JRNBRIM_TO_KAFKA,"273,193",1,"1,561",3.21 GB
06-Mar-2025,QLIK-REPLICATE-PROD-1,JRRB10_JRNBRIM_TO_KAFKA_2,"301,458,919","3,481","13,502",6.35 TB
06-Mar-2025,QLIK-REPLICATE-PROD-1,JRRB11_JRNBRIM_TO_KAFKA,"1,058,322",0,8,16.95 GB
06-Mar-2025,QLIK-REPLICATE-PROD-1,JRRB13_JRNBRIM_TO_KAFKA,"16,451,291",190,632,24.30 GB
06-Mar-2025,QLIK-REPLICATE-PROD-1,JRTLOG_JRNBRIM_TO_KAFKA,"33,447,771",346,1,242.56 GB
06-Mar-2025,QLIK-REPLICATE-PROD-1,TELJRN24_JRNBRI_TO_KAFKA,"109,277,333","1,269",232,239.23 GB
07-Mar-2025,QLIK-REPLICATE-PROD-1,JRRB08_JRNBRIM_TO_KAFKA,"155,704,612","1,677",2,541.63 GB
07-Mar-2025,QLIK-REPLICATE-PROD-1,JRRB10_JRNBRIM_TO_KAFKA,"272,435",2,"1,570",3.22 GB
07-Mar-2025,QLIK-REPLICATE-PROD-1,JRRB10_JRNBRIM_TO_KAFKA_2,"301,890,120","3,516","13,760",6.36 TB
07-Mar-2025,QLIK-REPLICATE-PROD-1,JRRB11_JRNBRIM_TO_KAFKA,"1,038,813",13,8,16.63 GB
07-Mar-2025,QLIK-REPLICATE-PROD-1,JRRB13_JRNBRIM_TO_KAFKA,"16,593,569",325,640,24.54 GB
07-Mar-2025,QLIK-REPLICATE-PROD-1,JRTLOG_JRNBRIM_TO_KAFKA,"32,885,385",349,1,238.62 GB
07-Mar-2025,QLIK-REPLICATE-PROD-1,TELJRN24_JRNBRI_TO_KAFKA,"97,462,798","1,135",181,218.58 GB
08-Mar-2025,QLIK-REPLICATE-PROD-1,JRRB08_JRNBRIM_TO_KAFKA,"150,119,129","1,597",2,521.75 GB
08-Mar-2025,QLIK-REPLICATE-PROD-1,JRRB10_JRNBRIM_TO_KAFKA,"205,812",0,"1,583",2.24 GB
08-Mar-2025,QLIK-REPLICATE-PROD-1,JRRB10_JRNBRIM_TO_KAFKA_2,"301,736,639","3,501","13,402",6.36 TB
08-Mar-2025,QLIK-REPLICATE-PROD-1,JRRB11_JRNBRIM_TO_KAFKA,"1,036,619",0,6,16.62 GB
08-Mar-2025,QLIK-REPLICATE-PROD-1,JRRB13_JRNBRIM_TO_KAFKA,"16,419,545",143,720,24.17 GB
08-Mar-2025,QLIK-REPLICATE-PROD-1,JRTLOG_JRNBRIM_TO_KAFKA,"29,374,536",323,1,213.30 GB
08-Mar-2025,QLIK-REPLICATE-PROD-1,TELJRN24_JRNBRI_TO_KAFKA,"91,682,056",969,172,205.99 GB
09-Mar-2025,QLIK-REPLICATE-PROD-1,JRRB08_JRNBRIM_TO_KAFKA,"155,449,828","1,537",2,533.63 GB
09-Mar-2025,QLIK-REPLICATE-PROD-1,JRRB10_JRNBRIM_TO_KAFKA,"102,444",13,"1,505",1.07 GB
09-Mar-2025,QLIK-REPLICATE-PROD-1,JRRB10_JRNBRIM_TO_KAFKA_2,"301,870,885","3,476","12,681",6.36 TB
09-Mar-2025,QLIK-REPLICATE-PROD-1,JRRB11_JRNBRIM_TO_KAFKA,"996,789",15,8,16.01 GB
09-Mar-2025,QLIK-REPLICATE-PROD-1,JRRB13_JRNBRIM_TO_KAFKA,"16,222,604",314,670,23.80 GB
09-Mar-2025,QLIK-REPLICATE-PROD-1,JRTLOG_JRNBRIM_TO_KAFKA,"27,269,574",302,1,197.97 GB
09-Mar-2025,QLIK-REPLICATE-PROD-1,TELJRN24_JRNBRI_TO_KAFKA,"89,524,160",971,167,204.34 GB
10-Mar-2025,QLIK-REPLICATE-PROD-1,JRRB08_JRNBRIM_TO_KAFKA,"170,429,254","1,858",2,589.10 GB
10-Mar-2025,QLIK-REPLICATE-PROD-1,JRRB10_JRNBRIM_TO_KAFKA,"127,649",1,"1,486",1.67 GB
10-Mar-2025,QLIK-REPLICATE-PROD-1,JRRB10_JRNBRIM_TO_KAFKA_2,"301,547,758","3,523","13,725",6.35 TB
10-Mar-2025,QLIK-REPLICATE-PROD-1,JRRB11_JRNBRIM_TO_KAFKA,"1,045,306",14,5,16.78 GB
10-Mar-2025,QLIK-REPLICATE-PROD-1,JRRB13_JRNBRIM_TO_KAFKA,"16,485,939",175,656,24.44 GB
10-Mar-2025,QLIK-REPLICATE-PROD-1,JRTLOG_JRNBRIM_TO_KAFKA,"33,670,163",364,1,244.18 GB
10-Mar-2025,QLIK-REPLICATE-PROD-1,TELJRN24_JRNBRI_TO_KAFKA,"93,000,019","1,007",167,206.74 GB
11-Mar-2025,QLIK-REPLICATE-PROD-1,JRRB08_JRNBRIM_TO_KAFKA,"169,753,921","1,932",5,581.22 GB
11-Mar-2025,QLIK-REPLICATE-PROD-1,JRRB10_JRNBRIM_TO_KAFKA,"229,470",1,"1,528",2.77 GB
11-Mar-2025,QLIK-REPLICATE-PROD-1,JRRB10_JRNBRIM_TO_KAFKA_2,"302,037,640","3,497","13,220",6.36 TB
11-Mar-2025,QLIK-REPLICATE-PROD-1,JRRB11_JRNBRIM_TO_KAFKA,"1,037,813",0,7,16.61 GB
11-Mar-2025,QLIK-REPLICATE-PROD-1,JRRB13_JRNBRIM_TO_KAFKA,"16,770,949",187,611,24.79 GB
11-Mar-2025,QLIK-REPLICATE-PROD-1,JRTLOG_JRNBRIM_TO_KAFKA,"31,828,371",387,2,230.91 GB
11-Mar-2025,QLIK-REPLICATE-PROD-1,TELJRN24_JRNBRI_TO_KAFKA,"100,324,616","1,198",188,221.98 GB
12-Mar-2025,QLIK-REPLICATE-PROD-1,JRRB08_JRNBRIM_TO_KAFKA,"153,237,907","1,609",2,530.94 GB
12-Mar-2025,QLIK-REPLICATE-PROD-1,JRRB10_JRNBRIM_TO_KAFKA,"284,212",1,"1,524",3.39 GB
12-Mar-2025,QLIK-REPLICATE-PROD-1,JRRB10_JRNBRIM_TO_KAFKA_2,"301,856,756","3,501","13,680",6.36 TB
12-Mar-2025,QLIK-REPLICATE-PROD-1,JRRB11_JRNBRIM_TO_KAFKA,"1,036,985",13,5,16.61 GB
12-Mar-2025,QLIK-REPLICATE-PROD-1,JRRB13_JRNBRIM_TO_KAFKA,"16,645,724",202,680,24.59 GB
12-Mar-2025,QLIK-REPLICATE-PROD-1,JRTLOG_JRNBRIM_TO_KAFKA,"30,540,094",323,2,221.49 GB
12-Mar-2025,QLIK-REPLICATE-PROD-1,TELJRN24_JRNBRI_TO_KAFKA,"90,687,636",964,168,201.73 GB
13-Mar-2025,QLIK-REPLICATE-PROD-1,JRRB08_JRNBRIM_TO_KAFKA,"166,143,648","1,764",2,569.25 GB
13-Mar-2025,QLIK-REPLICATE-PROD-1,JRRB10_JRNBRIM_TO_KAFKA,"284,934",1,"1,585",3.40 GB
13-Mar-2025,QLIK-REPLICATE-PROD-1,JRRB10_JRNBRIM_TO_KAFKA_2,"300,979,879","3,481","13,918",6.34 TB
13-Mar-2025,QLIK-REPLICATE-PROD-1,JRRB11_JRNBRIM_TO_KAFKA,"1,046,378",15,8,16.76 GB
13-Mar-2025,QLIK-REPLICATE-PROD-1,JRRB13_JRNBRIM_TO_KAFKA,"15,746,918",173,722,23.26 GB
13-Mar-2025,QLIK-REPLICATE-PROD-1,JRTLOG_JRNBRIM_TO_KAFKA,"30,076,544",330,2,218.28 GB
13-Mar-2025,QLIK-REPLICATE-PROD-1,TELJRN24_JRNBRI_TO_KAFKA,"90,179,422","1,009",160,200.83 GB
14-Mar-2025,QLIK-REPLICATE-PROD-1,JRRB08_JRNBRIM_TO_KAFKA,"157,506,449","1,953",1,546.12 GB
14-Mar-2025,QLIK-REPLICATE-PROD-1,JRRB10_JRNBRIM_TO_KAFKA,"290,242",6,"1,521",3.47 GB
14-Mar-2025,QLIK-REPLICATE-PROD-1,JRRB10_JRNBRIM_TO_KAFKA_2,"301,475,632","3,431","13,813",6.35 TB
14-Mar-2025,QLIK-REPLICATE-PROD-1,JRRB11_JRNBRIM_TO_KAFKA,"1,035,260",13,10,16.58 GB
14-Mar-2025,QLIK-REPLICATE-PROD-1,JRRB13_JRNBRIM_TO_KAFKA,"15,800,365",385,635,23.35 GB
14-Mar-2025,QLIK-REPLICATE-PROD-1,JRTLOG_JRNBRIM_TO_KAFKA,"31,761,862",350,1,230.52 GB
14-Mar-2025,QLIK-REPLICATE-PROD-1,TELJRN24_JRNBRI_TO_KAFKA,"101,641,018","1,171",203,227.20 GB
15-Mar-2025,QLIK-REPLICATE-PROD-1,JRRB08_JRNBRIM_TO_KAFKA,"149,567,639","1,567",2,521.01 GB
15-Mar-2025,QLIK-REPLICATE-PROD-1,JRRB10_JRNBRIM_TO_KAFKA,"212,250",0,"1,634",2.26 GB
15-Mar-2025,QLIK-REPLICATE-PROD-1,JRRB10_JRNBRIM_TO_KAFKA_2,"301,219,504","3,497","13,448",6.35 TB
15-Mar-2025,QLIK-REPLICATE-PROD-1,JRRB11_JRNBRIM_TO_KAFKA,"1,039,571",0,6,16.65 GB
15-Mar-2025,QLIK-REPLICATE-PROD-1,JRRB13_JRNBRIM_TO_KAFKA,"15,666,430",171,700,23.06 GB
15-Mar-2025,QLIK-REPLICATE-PROD-1,JRTLOG_JRNBRIM_TO_KAFKA,"30,364,659",359,2,220.31 GB
15-Mar-2025,QLIK-REPLICATE-PROD-1,TELJRN24_JRNBRI_TO_KAFKA,"92,954,240","1,061",195,208.10 GB
16-Mar-2025,QLIK-REPLICATE-PROD-1,JRRB08_JRNBRIM_TO_KAFKA,"143,061,795","1,681",2,496.80 GB
16-Mar-2025,QLIK-REPLICATE-PROD-1,JRRB10_JRNBRIM_TO_KAFKA,"108,341",0,"1,589",1.13 GB
16-Mar-2025,QLIK-REPLICATE-PROD-1,JRRB10_JRNBRIM_TO_KAFKA_2,"301,505,966","3,471","13,237",6.35 TB
16-Mar-2025,QLIK-REPLICATE-PROD-1,JRRB11_JRNBRIM_TO_KAFKA,"989,416",12,8,15.89 GB
16-Mar-2025,QLIK-REPLICATE-PROD-1,JRRB13_JRNBRIM_TO_KAFKA,"15,445,631",160,725,22.63 GB
16-Mar-2025,QLIK-REPLICATE-PROD-1,JRTLOG_JRNBRIM_TO_KAFKA,"27,453,038",326,1,199.27 GB
16-Mar-2025,QLIK-REPLICATE-PROD-1,TELJRN24_JRNBRI_TO_KAFKA,"89,064,356","1,047",175,204.19 GB
17-Mar-2025,QLIK-REPLICATE-PROD-1,JRRB08_JRNBRIM_TO_KAFKA,"198,931,932","3,133",2,680.89 GB
17-Mar-2025,QLIK-REPLICATE-PROD-1,JRRB10_JRNBRIM_TO_KAFKA,"130,620",1,"1,699",1.72 GB
17-Mar-2025,QLIK-REPLICATE-PROD-1,JRRB10_JRNBRIM_TO_KAFKA_2,"301,529,021","3,478","14,612",6.35 TB
17-Mar-2025,QLIK-REPLICATE-PROD-1,JRRB11_JRNBRIM_TO_KAFKA,"1,040,964",13,9,16.70 GB
17-Mar-2025,QLIK-REPLICATE-PROD-1,JRRB13_JRNBRIM_TO_KAFKA,"15,765,061",148,751,23.39 GB
17-Mar-2025,QLIK-REPLICATE-PROD-1,JRTLOG_JRNBRIM_TO_KAFKA,"36,238,808",404,2,262.95 GB
17-Mar-2025,QLIK-REPLICATE-PROD-1,TELJRN24_JRNBRI_TO_KAFKA,"85,339,241","1,021",171,194.78 GB
18-Mar-2025,QLIK-REPLICATE-PROD-1,JRRB08_JRNBRIM_TO_KAFKA,"174,294,489","2,173",2,604.48 GB
18-Mar-2025,QLIK-REPLICATE-PROD-1,JRRB10_JRNBRIM_TO_KAFKA,"236,154",1,"1,615",2.88 GB
18-Mar-2025,QLIK-REPLICATE-PROD-1,JRRB10_JRNBRIM_TO_KAFKA_2,"301,640,857","3,451","14,923",6.36 TB
18-Mar-2025,QLIK-REPLICATE-PROD-1,JRRB11_JRNBRIM_TO_KAFKA,"1,018,756",15,7,16.29 GB
18-Mar-2025,QLIK-REPLICATE-PROD-1,JRRB13_JRNBRIM_TO_KAFKA,"15,785,759",165,667,23.34 GB
18-Mar-2025,QLIK-REPLICATE-PROD-1,JRTLOG_JRNBRIM_TO_KAFKA,"35,349,941",398,2,256.87 GB
18-Mar-2025,QLIK-REPLICATE-PROD-1,TELJRN24_JRNBRI_TO_KAFKA,"118,449,319","1,349",305,259.68 GB
19-Mar-2025,QLIK-REPLICATE-PROD-1,JRRB08_JRNBRIM_TO_KAFKA,"168,775,406","1,890",1,586.94 GB
19-Mar-2025,QLIK-REPLICATE-PROD-1,JRRB10_JRNBRIM_TO_KAFKA,"294,154",1,"1,662",3.49 GB
19-Mar-2025,QLIK-REPLICATE-PROD-1,JRRB10_JRNBRIM_TO_KAFKA_2,"301,677,826","3,472","15,166",6.36 TB
19-Mar-2025,QLIK-REPLICATE-PROD-1,JRRB11_JRNBRIM_TO_KAFKA,"1,012,282",0,7,16.19 GB
19-Mar-2025,QLIK-REPLICATE-PROD-1,JRRB13_JRNBRIM_TO_KAFKA,"15,721,142",161,696,23.24 GB
19-Mar-2025,QLIK-REPLICATE-PROD-1,JRTLOG_JRNBRIM_TO_KAFKA,"34,893,441",382,1,253.22 GB
19-Mar-2025,QLIK-REPLICATE-PROD-1,TELJRN24_JRNBRI_TO_KAFKA,"102,307,348","1,186",242,227.47 GB
20-Mar-2025,QLIK-REPLICATE-PROD-1,JRRB08_JRNBRIM_TO_KAFKA,"183,790,993","2,136",1,638.47 GB
20-Mar-2025,QLIK-REPLICATE-PROD-1,JRRB10_JRNBRIM_TO_KAFKA,"287,652",1,"1,596",3.40 GB
20-Mar-2025,QLIK-REPLICATE-PROD-1,JRRB10_JRNBRIM_TO_KAFKA_2,"301,737,487","3,454","15,635",6.36 TB
20-Mar-2025,QLIK-REPLICATE-PROD-1,JRRB11_JRNBRIM_TO_KAFKA,"1,024,420",0,7,16.39 GB
20-Mar-2025,QLIK-REPLICATE-PROD-1,JRRB13_JRNBRIM_TO_KAFKA,"15,718,824",165,729,23.24 GB
20-Mar-2025,QLIK-REPLICATE-PROD-1,JRTLOG_JRNBRIM_TO_KAFKA,"38,094,189",476,1,276.47 GB
20-Mar-2025,QLIK-REPLICATE-PROD-1,TELJRN24_JRNBRI_TO_KAFKA,"98,833,820","1,131",228,220.70 GB
21-Mar-2025,QLIK-REPLICATE-PROD-1,JRRB08_JRNBRIM_TO_KAFKA,"194,389,314","2,930",1,669.17 GB
21-Mar-2025,QLIK-REPLICATE-PROD-1,JRRB10_JRNBRIM_TO_KAFKA,"254,509",10,"1,684",2.84 GB
21-Mar-2025,QLIK-REPLICATE-PROD-1,JRRB10_JRNBRIM_TO_KAFKA_2,"302,591,724","3,559","16,409",6.38 TB
21-Mar-2025,QLIK-REPLICATE-PROD-1,JRRB11_JRNBRIM_TO_KAFKA,"1,025,812",14,12,16.42 GB
21-Mar-2025,QLIK-REPLICATE-PROD-1,JRRB13_JRNBRIM_TO_KAFKA,"15,731,660",181,708,23.28 GB
21-Mar-2025,QLIK-REPLICATE-PROD-1,JRTLOG_JRNBRIM_TO_KAFKA,"37,125,834",473,1,269.51 GB
21-Mar-2025,QLIK-REPLICATE-PROD-1,TELJRN24_JRNBRI_TO_KAFKA,"109,415,317","1,275",284,249.54 GB
22-Mar-2025,QLIK-REPLICATE-PROD-1,JRRB08_JRNBRIM_TO_KAFKA,"169,643,412","2,035",2,588.44 GB
22-Mar-2025,QLIK-REPLICATE-PROD-1,JRRB10_JRNBRIM_TO_KAFKA,"196,866",0,"1,581",2.11 GB
22-Mar-2025,QLIK-REPLICATE-PROD-1,JRRB10_JRNBRIM_TO_KAFKA_2,"302,310,656","3,571","14,928",6.37 TB
22-Mar-2025,QLIK-REPLICATE-PROD-1,JRRB11_JRNBRIM_TO_KAFKA,"1,019,722",13,6,16.34 GB
22-Mar-2025,QLIK-REPLICATE-PROD-1,JRRB13_JRNBRIM_TO_KAFKA,"15,659,213",179,669,23.13 GB
22-Mar-2025,QLIK-REPLICATE-PROD-1,JRTLOG_JRNBRIM_TO_KAFKA,"33,046,705",365,2,239.95 GB
22-Mar-2025,QLIK-REPLICATE-PROD-1,TELJRN24_JRNBRI_TO_KAFKA,"116,143,143","1,353",316,259.43 GB
23-Mar-2025,QLIK-REPLICATE-PROD-1,JRRB08_JRNBRIM_TO_KAFKA,"147,362,176","1,646",2,514.55 GB
23-Mar-2025,QLIK-REPLICATE-PROD-1,JRRB10_JRNBRIM_TO_KAFKA,"102,672",0,"1,576",1.07 GB
23-Mar-2025,QLIK-REPLICATE-PROD-1,JRRB10_JRNBRIM_TO_KAFKA_2,"302,173,915","3,493","14,110",6.37 TB
23-Mar-2025,QLIK-REPLICATE-PROD-1,JRRB11_JRNBRIM_TO_KAFKA,"984,441",12,8,15.81 GB
23-Mar-2025,QLIK-REPLICATE-PROD-1,JRRB13_JRNBRIM_TO_KAFKA,"15,474,997",161,716,22.68 GB
23-Mar-2025,QLIK-REPLICATE-PROD-1,JRTLOG_JRNBRIM_TO_KAFKA,"29,875,596",333,1,216.97 GB
23-Mar-2025,QLIK-REPLICATE-PROD-1,TELJRN24_JRNBRI_TO_KAFKA,"101,299,054","1,305",244,230.30 GB
24-Mar-2025,QLIK-REPLICATE-PROD-1,JRRB08_JRNBRIM_TO_KAFKA,"176,825,922","2,018",1,613.86 GB
24-Mar-2025,QLIK-REPLICATE-PROD-1,JRRB10_JRNBRIM_TO_KAFKA,"111,232",1,"1,481",1.36 GB
24-Mar-2025,QLIK-REPLICATE-PROD-1,JRRB10_JRNBRIM_TO_KAFKA_2,"301,991,050","3,549","14,261",6.36 TB
24-Mar-2025,QLIK-REPLICATE-PROD-1,JRRB11_JRNBRIM_TO_KAFKA,"1,023,802",0,8,16.43 GB
24-Mar-2025,QLIK-REPLICATE-PROD-1,JRRB13_JRNBRIM_TO_KAFKA,"15,803,536",176,728,23.52 GB
24-Mar-2025,QLIK-REPLICATE-PROD-1,JRTLOG_JRNBRIM_TO_KAFKA,"36,880,420",398,2,267.59 GB
24-Mar-2025,QLIK-REPLICATE-PROD-1,TELJRN24_JRNBRI_TO_KAFKA,"86,868,620","1,000",184,197.66 GB
25-Mar-2025,QLIK-REPLICATE-PROD-1,JRRB08_JRNBRIM_TO_KAFKA,"211,399,996","2,461",16,726.00 GB
25-Mar-2025,QLIK-REPLICATE-PROD-1,JRRB10_JRNBRIM_TO_KAFKA,"205,064",8,"1,686",2.45 GB
25-Mar-2025,QLIK-REPLICATE-PROD-1,JRRB10_JRNBRIM_TO_KAFKA_2,"302,824,223","3,438","15,070",6.38 TB
25-Mar-2025,QLIK-REPLICATE-PROD-1,JRRB11_JRNBRIM_TO_KAFKA,"1,023,999",0,9,16.38 GB
25-Mar-2025,QLIK-REPLICATE-PROD-1,JRRB13_JRNBRIM_TO_KAFKA,"16,246,580",169,712,24.34 GB
25-Mar-2025,QLIK-REPLICATE-PROD-1,JRTLOG_JRNBRIM_TO_KAFKA,"39,953,718",477,3,290.06 GB
25-Mar-2025,QLIK-REPLICATE-PROD-1,TELJRN24_JRNBRI_TO_KAFKA,"104,836,334","1,182",270,236.75 GB
26-Mar-2025,QLIK-REPLICATE-PROD-1,JRRB08_JRNBRIM_TO_KAFKA,"188,890,469","2,012",1,653.98 GB
26-Mar-2025,QLIK-REPLICATE-PROD-1,JRRB10_JRNBRIM_TO_KAFKA,"233,266",0,"1,700",2.58 GB
26-Mar-2025,QLIK-REPLICATE-PROD-1,JRRB10_JRNBRIM_TO_KAFKA_2,"303,276,245","3,465","15,306",6.39 TB
26-Mar-2025,QLIK-REPLICATE-PROD-1,JRRB11_JRNBRIM_TO_KAFKA,"1,004,877",20,5,16.08 GB
26-Mar-2025,QLIK-REPLICATE-PROD-1,JRRB13_JRNBRIM_TO_KAFKA,"16,098,999",157,750,24.12 GB
26-Mar-2025,QLIK-REPLICATE-PROD-1,JRTLOG_JRNBRIM_TO_KAFKA,"37,508,148",427,2,272.27 GB
26-Mar-2025,QLIK-REPLICATE-PROD-1,TELJRN24_JRNBRI_TO_KAFKA,"127,536,527","1,424",364,286.95 GB
27-Mar-2025,QLIK-REPLICATE-PROD-1,JRRB08_JRNBRIM_TO_KAFKA,"182,268,698","2,168",2,635.67 GB
27-Mar-2025,QLIK-REPLICATE-PROD-1,JRRB10_JRNBRIM_TO_KAFKA,"237,223",14,"1,625",2.63 GB
27-Mar-2025,QLIK-REPLICATE-PROD-1,JRRB10_JRNBRIM_TO_KAFKA_2,"303,228,396","3,499","15,011",6.39 TB
27-Mar-2025,QLIK-REPLICATE-PROD-1,JRRB11_JRNBRIM_TO_KAFKA,"1,033,381",0,9,16.54 GB
27-Mar-2025,QLIK-REPLICATE-PROD-1,JRRB13_JRNBRIM_TO_KAFKA,"15,988,909",237,673,23.93 GB
27-Mar-2025,QLIK-REPLICATE-PROD-1,JRTLOG_JRNBRIM_TO_KAFKA,"38,569,410",436,1,280.17 GB
27-Mar-2025,QLIK-REPLICATE-PROD-1,TELJRN24_JRNBRI_TO_KAFKA,"113,191,190","1,326",287,257.71 GB
28-Mar-2025,QLIK-REPLICATE-PROD-1,JRRB08_JRNBRIM_TO_KAFKA,"171,348,531","1,818",1,597.84 GB
28-Mar-2025,QLIK-REPLICATE-PROD-1,JRRB10_JRNBRIM_TO_KAFKA,"188,769",0,"1,707",2.01 GB
28-Mar-2025,QLIK-REPLICATE-PROD-1,JRRB10_JRNBRIM_TO_KAFKA_2,"303,278,152","3,513","15,408",6.39 TB
28-Mar-2025,QLIK-REPLICATE-PROD-1,JRRB11_JRNBRIM_TO_KAFKA,"1,063,697",14,5,17.03 GB
28-Mar-2025,QLIK-REPLICATE-PROD-1,JRRB13_JRNBRIM_TO_KAFKA,"15,790,092",165,758,23.46 GB
28-Mar-2025,QLIK-REPLICATE-PROD-1,JRTLOG_JRNBRIM_TO_KAFKA,"34,582,161",385,1,251.11 GB
28-Mar-2025,QLIK-REPLICATE-PROD-1,TELJRN24_JRNBRI_TO_KAFKA,"109,074,629","1,289",301,249.97 GB
29-Mar-2025,QLIK-REPLICATE-PROD-1,JRRB08_JRNBRIM_TO_KAFKA,"175,915,340","1,909",2,605.22 GB
29-Mar-2025,QLIK-REPLICATE-PROD-1,JRRB10_JRNBRIM_TO_KAFKA,"94,049",0,"1,585",1015.64 MB
29-Mar-2025,QLIK-REPLICATE-PROD-1,JRRB10_JRNBRIM_TO_KAFKA_2,"302,341,266","3,478","14,681",6.37 TB
29-Mar-2025,QLIK-REPLICATE-PROD-1,JRRB11_JRNBRIM_TO_KAFKA,"992,169",13,9,15.92 GB
29-Mar-2025,QLIK-REPLICATE-PROD-1,JRRB13_JRNBRIM_TO_KAFKA,"15,514,457",116,724,22.86 GB
29-Mar-2025,QLIK-REPLICATE-PROD-1,JRTLOG_JRNBRIM_TO_KAFKA,"32,384,840",352,1,235.28 GB
29-Mar-2025,QLIK-REPLICATE-PROD-1,TELJRN24_JRNBRI_TO_KAFKA,"100,876,786","1,206",251,228.78 GB
30-Mar-2025,QLIK-REPLICATE-PROD-1,JRRB08_JRNBRIM_TO_KAFKA,"157,881,597","1,787",2,548.51 GB
30-Mar-2025,QLIK-REPLICATE-PROD-1,JRRB10_JRNBRIM_TO_KAFKA,"34,185",0,"1,574",366.62 MB
30-Mar-2025,QLIK-REPLICATE-PROD-1,JRRB10_JRNBRIM_TO_KAFKA_2,"302,803,437","3,506","14,427",6.38 TB
30-Mar-2025,QLIK-REPLICATE-PROD-1,JRRB11_JRNBRIM_TO_KAFKA,"964,623",0,6,15.49 GB
30-Mar-2025,QLIK-REPLICATE-PROD-1,JRRB13_JRNBRIM_TO_KAFKA,"15,349,487",150,677,22.52 GB
30-Mar-2025,QLIK-REPLICATE-PROD-1,JRTLOG_JRNBRIM_TO_KAFKA,"30,206,721",351,2,219.52 GB
30-Mar-2025,QLIK-REPLICATE-PROD-1,TELJRN24_JRNBRI_TO_KAFKA,"107,464,461","1,301",283,247.06 GB
31-Mar-2025,QLIK-REPLICATE-PROD-1,JRRB08_JRNBRIM_TO_KAFKA,"96,860,019","1,162",2,339.00 GB
31-Mar-2025,QLIK-REPLICATE-PROD-1,JRRB10_JRNBRIM_TO_KAFKA,"22,711",0,"1,529",243.18 MB
31-Mar-2025,QLIK-REPLICATE-PROD-1,JRRB10_JRNBRIM_TO_KAFKA_2,"302,610,499","3,494","13,746",6.38 TB
31-Mar-2025,QLIK-REPLICATE-PROD-1,JRRB11_JRNBRIM_TO_KAFKA,"942,139",12,8,15.13 GB
31-Mar-2025,QLIK-REPLICATE-PROD-1,JRRB13_JRNBRIM_TO_KAFKA,"15,383,562",162,711,22.55 GB
31-Mar-2025,QLIK-REPLICATE-PROD-1,JRTLOG_JRNBRIM_TO_KAFKA,"18,167,700",226,2,132.20 GB
31-Mar-2025,QLIK-REPLICATE-PROD-1,TELJRN24_JRNBRI_TO_KAFKA,"95,147,620","1,161",231,219.93 GB
01-Apr-2025,QLIK-REPLICATE-PROD-1,JRRB08_JRNBRIM_TO_KAFKA,"150,469,881","1,427",2,506.08 GB
01-Apr-2025,QLIK-REPLICATE-PROD-1,JRRB10_JRNBRIM_TO_KAFKA,"19,214",0,"1,723",205.69 MB
01-Apr-2025,QLIK-REPLICATE-PROD-1,JRRB10_JRNBRIM_TO_KAFKA_2,"302,352,947","3,550","13,836",6.37 TB
01-Apr-2025,QLIK-REPLICATE-PROD-1,JRRB11_JRNBRIM_TO_KAFKA,"962,566",14,9,15.47 GB
01-Apr-2025,QLIK-REPLICATE-PROD-1,JRRB13_JRNBRIM_TO_KAFKA,"17,508,960",212,696,25.80 GB
01-Apr-2025,QLIK-REPLICATE-PROD-1,JRTLOG_JRNBRIM_TO_KAFKA,"22,378,591",250,1,162.44 GB
01-Apr-2025,QLIK-REPLICATE-PROD-1,TELJRN24_JRNBRI_TO_KAFKA,"58,283,581",702,58,137.70 GB
02-Apr-2025,QLIK-REPLICATE-PROD-1,JRRB08_JRNBRIM_TO_KAFKA,"118,237,399","1,523",2,411.45 GB
02-Apr-2025,QLIK-REPLICATE-PROD-1,JRRB10_JRNBRIM_TO_KAFKA,"20,776",0,"1,460",222.41 MB
02-Apr-2025,QLIK-REPLICATE-PROD-1,JRRB10_JRNBRIM_TO_KAFKA_2,"302,085,232","3,492","13,727",6.37 TB
02-Apr-2025,QLIK-REPLICATE-PROD-1,JRRB11_JRNBRIM_TO_KAFKA,"1,008,049",13,3,16.19 GB
02-Apr-2025,QLIK-REPLICATE-PROD-1,JRRB13_JRNBRIM_TO_KAFKA,"15,971,632",323,640,23.46 GB
02-Apr-2025,QLIK-REPLICATE-PROD-1,JRTLOG_JRNBRIM_TO_KAFKA,"22,906,391",298,2,166.26 GB
02-Apr-2025,QLIK-REPLICATE-PROD-1,TELJRN24_JRNBRI_TO_KAFKA,"95,899,985","1,119",155,220.21 GB
03-Apr-2025,QLIK-REPLICATE-PROD-1,JRRB08_JRNBRIM_TO_KAFKA,"127,005,810","1,482",2,435.61 GB
03-Apr-2025,QLIK-REPLICATE-PROD-1,JRRB10_JRNBRIM_TO_KAFKA,"24,174",0,"1,504",258.71 MB
03-Apr-2025,QLIK-REPLICATE-PROD-1,JRRB10_JRNBRIM_TO_KAFKA_2,"301,370,274","3,476","13,212",6.35 TB
03-Apr-2025,QLIK-REPLICATE-PROD-1,JRRB11_JRNBRIM_TO_KAFKA,"1,040,798",13,6,16.71 GB
03-Apr-2025,QLIK-REPLICATE-PROD-1,JRRB13_JRNBRIM_TO_KAFKA,"15,826,466",172,744,23.23 GB
03-Apr-2025,QLIK-REPLICATE-PROD-1,JRTLOG_JRNBRIM_TO_KAFKA,"23,290,102",286,1,168.99 GB
03-Apr-2025,QLIK-REPLICATE-PROD-1,TELJRN24_JRNBRI_TO_KAFKA,"69,987,707",875,100,158.77 GB
04-Apr-2025,QLIK-REPLICATE-PROD-1,JRRB08_JRNBRIM_TO_KAFKA,"142,106,523","1,584",4,486.51 GB
04-Apr-2025,QLIK-REPLICATE-PROD-1,JRRB10_JRNBRIM_TO_KAFKA,"27,787",0,"1,411",297.05 MB
04-Apr-2025,QLIK-REPLICATE-PROD-1,JRRB10_JRNBRIM_TO_KAFKA_2,"301,600,757","3,449","13,578",6.36 TB
04-Apr-2025,QLIK-REPLICATE-PROD-1,JRRB11_JRNBRIM_TO_KAFKA,"1,042,318",15,8,16.74 GB
04-Apr-2025,QLIK-REPLICATE-PROD-1,JRRB13_JRNBRIM_TO_KAFKA,"15,785,305",53,680,23.16 GB
04-Apr-2025,QLIK-REPLICATE-PROD-1,JRTLOG_JRNBRIM_TO_KAFKA,"24,753,087",275,1,179.59 GB
04-Apr-2025,QLIK-REPLICATE-PROD-1,TELJRN24_JRNBRI_TO_KAFKA,"69,725,849",882,105,159.46 GB
05-Apr-2025,QLIK-REPLICATE-PROD-1,JRRB08_JRNBRIM_TO_KAFKA,"144,786,484","1,445",11,496.07 GB
05-Apr-2025,QLIK-REPLICATE-PROD-1,JRRB10_JRNBRIM_TO_KAFKA,"29,889",0,"1,527",319.52 MB
05-Apr-2025,QLIK-REPLICATE-PROD-1,JRRB10_JRNBRIM_TO_KAFKA_2,"301,715,480","3,545","13,500",6.36 TB
05-Apr-2025,QLIK-REPLICATE-PROD-1,JRRB11_JRNBRIM_TO_KAFKA,"1,036,211",15,6,16.64 GB
05-Apr-2025,QLIK-REPLICATE-PROD-1,JRRB13_JRNBRIM_TO_KAFKA,"15,967,277",158,684,23.56 GB
05-Apr-2025,QLIK-REPLICATE-PROD-1,JRTLOG_JRNBRIM_TO_KAFKA,"25,612,062",272,1,185.88 GB
05-Apr-2025,QLIK-REPLICATE-PROD-1,TELJRN24_JRNBRI_TO_KAFKA,"78,152,995",977,129,174.74 GB
06-Apr-2025,QLIK-REPLICATE-PROD-1,JRRB08_JRNBRIM_TO_KAFKA,"117,015,214","1,253",2,408.07 GB
06-Apr-2025,QLIK-REPLICATE-PROD-1,JRRB10_JRNBRIM_TO_KAFKA,"28,071",0,"1,472",299.06 MB
06-Apr-2025,QLIK-REPLICATE-PROD-1,JRRB10_JRNBRIM_TO_KAFKA_2,"301,883,788","3,527","13,740",6.36 TB
06-Apr-2025,QLIK-REPLICATE-PROD-1,JRRB11_JRNBRIM_TO_KAFKA,"1,049,927",18,9,16.86 GB
06-Apr-2025,QLIK-REPLICATE-PROD-1,JRRB13_JRNBRIM_TO_KAFKA,"16,166,517",185,647,23.86 GB
06-Apr-2025,QLIK-REPLICATE-PROD-1,JRTLOG_JRNBRIM_TO_KAFKA,"23,576,690",263,1,171.10 GB
06-Apr-2025,QLIK-REPLICATE-PROD-1,TELJRN24_JRNBRI_TO_KAFKA,"87,644,367","1,019",164,196.57 GB
07-Apr-2025,QLIK-REPLICATE-PROD-1,JRRB08_JRNBRIM_TO_KAFKA,"133,543,862","1,526",2,464.13 GB
07-Apr-2025,QLIK-REPLICATE-PROD-1,JRRB10_JRNBRIM_TO_KAFKA,"30,545",0,"1,509",329.57 MB
07-Apr-2025,QLIK-REPLICATE-PROD-1,JRRB10_JRNBRIM_TO_KAFKA_2,"301,365,889","3,467","13,427",6.35 TB
07-Apr-2025,QLIK-REPLICATE-PROD-1,JRRB11_JRNBRIM_TO_KAFKA,"1,038,387",12,8,16.67 GB
07-Apr-2025,QLIK-REPLICATE-PROD-1,JRRB13_JRNBRIM_TO_KAFKA,"16,226,168",167,745,24.01 GB
07-Apr-2025,QLIK-REPLICATE-PROD-1,JRTLOG_JRNBRIM_TO_KAFKA,"26,458,814",300,2,192.00 GB
07-Apr-2025,QLIK-REPLICATE-PROD-1,TELJRN24_JRNBRI_TO_KAFKA,"68,375,750",861,97,153.41 GB
08-Apr-2025,QLIK-REPLICATE-PROD-1,JRRB08_JRNBRIM_TO_KAFKA,"156,735,942","1,735",1,542.97 GB
08-Apr-2025,QLIK-REPLICATE-PROD-1,JRRB10_JRNBRIM_TO_KAFKA,"113,783",1,"1,530",1.39 GB
08-Apr-2025,QLIK-REPLICATE-PROD-1,JRRB10_JRNBRIM_TO_KAFKA_2,"301,884,459","3,500","14,329",6.36 TB
08-Apr-2025,QLIK-REPLICATE-PROD-1,JRRB11_JRNBRIM_TO_KAFKA,"1,038,789",13,5,16.65 GB
08-Apr-2025,QLIK-REPLICATE-PROD-1,JRRB13_JRNBRIM_TO_KAFKA,"16,592,600",233,683,24.84 GB
08-Apr-2025,QLIK-REPLICATE-PROD-1,JRTLOG_JRNBRIM_TO_KAFKA,"31,077,064",334,1,225.36 GB
08-Apr-2025,QLIK-REPLICATE-PROD-1,TELJRN24_JRNBRI_TO_KAFKA,"78,048,071",875,131,173.49 GB
09-Apr-2025,QLIK-REPLICATE-PROD-1,JRRB08_JRNBRIM_TO_KAFKA,"169,373,445","1,873",2,581.31 GB
09-Apr-2025,QLIK-REPLICATE-PROD-1,JRRB10_JRNBRIM_TO_KAFKA,"239,054",7,"1,564",2.84 GB
09-Apr-2025,QLIK-REPLICATE-PROD-1,JRRB10_JRNBRIM_TO_KAFKA_2,"301,906,370","3,486","14,355",6.36 TB
09-Apr-2025,QLIK-REPLICATE-PROD-1,JRRB11_JRNBRIM_TO_KAFKA,"1,023,163",13,8,16.34 GB
09-Apr-2025,QLIK-REPLICATE-PROD-1,JRRB13_JRNBRIM_TO_KAFKA,"16,466,114",166,708,24.45 GB
09-Apr-2025,QLIK-REPLICATE-PROD-1,JRTLOG_JRNBRIM_TO_KAFKA,"31,133,463",387,1,225.63 GB
09-Apr-2025,QLIK-REPLICATE-PROD-1,TELJRN24_JRNBRI_TO_KAFKA,"91,521,392","1,073",187,201.45 GB
10-Apr-2025,QLIK-REPLICATE-PROD-1,JRRB08_JRNBRIM_TO_KAFKA,"158,434,343","1,815",2,550.07 GB
10-Apr-2025,QLIK-REPLICATE-PROD-1,JRRB10_JRNBRIM_TO_KAFKA,"296,562",1,"1,491",3.47 GB
10-Apr-2025,QLIK-REPLICATE-PROD-1,JRRB10_JRNBRIM_TO_KAFKA_2,"301,939,335","3,486","14,908",6.36 TB
10-Apr-2025,QLIK-REPLICATE-PROD-1,JRRB11_JRNBRIM_TO_KAFKA,"1,026,265",16,9,16.41 GB
10-Apr-2025,QLIK-REPLICATE-PROD-1,JRRB13_JRNBRIM_TO_KAFKA,"16,091,803",299,590,23.81 GB
10-Apr-2025,QLIK-REPLICATE-PROD-1,JRTLOG_JRNBRIM_TO_KAFKA,"31,915,576",362,1,231.30 GB
10-Apr-2025,QLIK-REPLICATE-PROD-1,TELJRN24_JRNBRI_TO_KAFKA,"100,394,011","1,179",210,220.20 GB
11-Apr-2025,QLIK-REPLICATE-PROD-1,JRRB08_JRNBRIM_TO_KAFKA,"163,994,719","1,757",4,561.87 GB
11-Apr-2025,QLIK-REPLICATE-PROD-1,JRRB10_JRNBRIM_TO_KAFKA,"311,772",1,"1,596",3.66 GB
11-Apr-2025,QLIK-REPLICATE-PROD-1,JRRB10_JRNBRIM_TO_KAFKA_2,"301,985,876","3,473","14,286",6.36 TB
11-Apr-2025,QLIK-REPLICATE-PROD-1,JRRB11_JRNBRIM_TO_KAFKA,"1,030,334",15,7,16.48 GB
11-Apr-2025,QLIK-REPLICATE-PROD-1,JRRB13_JRNBRIM_TO_KAFKA,"15,919,259",161,765,23.55 GB
11-Apr-2025,QLIK-REPLICATE-PROD-1,JRTLOG_JRNBRIM_TO_KAFKA,"30,529,662",338,1,221.27 GB
11-Apr-2025,QLIK-REPLICATE-PROD-1,TELJRN24_JRNBRI_TO_KAFKA,"92,292,030","1,123",183,203.62 GB
12-Apr-2025,QLIK-REPLICATE-PROD-1,JRRB08_JRNBRIM_TO_KAFKA,"159,476,352","1,764",3,547.42 GB
12-Apr-2025,QLIK-REPLICATE-PROD-1,JRRB10_JRNBRIM_TO_KAFKA,"230,127",0,"1,639",2.43 GB
12-Apr-2025,QLIK-REPLICATE-PROD-1,JRRB10_JRNBRIM_TO_KAFKA_2,"303,150,355","3,481","14,150",6.39 TB
12-Apr-2025,QLIK-REPLICATE-PROD-1,JRRB11_JRNBRIM_TO_KAFKA,"1,048,610",0,10,16.80 GB
12-Apr-2025,QLIK-REPLICATE-PROD-1,JRRB13_JRNBRIM_TO_KAFKA,"15,652,381",206,680,22.98 GB
12-Apr-2025,QLIK-REPLICATE-PROD-1,JRTLOG_JRNBRIM_TO_KAFKA,"28,129,523",335,2,203.93 GB
12-Apr-2025,QLIK-REPLICATE-PROD-1,TELJRN24_JRNBRI_TO_KAFKA,"91,677,591","1,118",77,214.45 GB
13-Apr-2025,QLIK-REPLICATE-PROD-1,JRRB08_JRNBRIM_TO_KAFKA,"148,273,333","1,521",2,508.06 GB
13-Apr-2025,QLIK-REPLICATE-PROD-1,JRRB10_JRNBRIM_TO_KAFKA,"108,785",0,"1,423",1.13 GB
13-Apr-2025,QLIK-REPLICATE-PROD-1,JRRB10_JRNBRIM_TO_KAFKA_2,"302,552,515","3,498","13,293",6.38 TB
13-Apr-2025,QLIK-REPLICATE-PROD-1,JRRB11_JRNBRIM_TO_KAFKA,"1,036,542",14,4,16.65 GB
13-Apr-2025,QLIK-REPLICATE-PROD-1,JRRB13_JRNBRIM_TO_KAFKA,"15,492,570",143,612,22.73 GB
13-Apr-2025,QLIK-REPLICATE-PROD-1,JRTLOG_JRNBRIM_TO_KAFKA,"25,392,687",333,1,184.17 GB
13-Apr-2025,QLIK-REPLICATE-PROD-1,TELJRN24_JRNBRI_TO_KAFKA,"87,956,455","1,069",117,201.76 GB
14-Apr-2025,QLIK-REPLICATE-PROD-1,JRRB08_JRNBRIM_TO_KAFKA,"155,720,797","1,847",2,538.83 GB
14-Apr-2025,QLIK-REPLICATE-PROD-1,JRRB10_JRNBRIM_TO_KAFKA,"134,348",1,"1,387",1.78 GB
14-Apr-2025,QLIK-REPLICATE-PROD-1,JRRB10_JRNBRIM_TO_KAFKA_2,"301,503,050","3,450","13,974",6.35 TB
14-Apr-2025,QLIK-REPLICATE-PROD-1,JRRB11_JRNBRIM_TO_KAFKA,"1,069,862",1,5,17.17 GB
14-Apr-2025,QLIK-REPLICATE-PROD-1,JRRB13_JRNBRIM_TO_KAFKA,"15,764,882",193,663,23.37 GB
14-Apr-2025,QLIK-REPLICATE-PROD-1,JRTLOG_JRNBRIM_TO_KAFKA,"30,966,286",409,1,224.37 GB
14-Apr-2025,QLIK-REPLICATE-PROD-1,TELJRN24_JRNBRI_TO_KAFKA,"87,852,020","1,124",170,191.80 GB
15-Apr-2025,QLIK-REPLICATE-PROD-1,JRRB08_JRNBRIM_TO_KAFKA,"153,423,341","1,843",1,533.42 GB
15-Apr-2025,QLIK-REPLICATE-PROD-1,JRRB10_JRNBRIM_TO_KAFKA,"247,245",1,"1,472",2.99 GB
15-Apr-2025,QLIK-REPLICATE-PROD-1,JRRB10_JRNBRIM_TO_KAFKA_2,"301,940,328","3,432","14,087",6.36 TB
15-Apr-2025,QLIK-REPLICATE-PROD-1,JRRB11_JRNBRIM_TO_KAFKA,"1,030,939",14,9,16.49 GB
15-Apr-2025,QLIK-REPLICATE-PROD-1,JRRB13_JRNBRIM_TO_KAFKA,"15,825,795",396,577,23.40 GB
15-Apr-2025,QLIK-REPLICATE-PROD-1,JRTLOG_JRNBRIM_TO_KAFKA,"31,234,770",359,1,226.40 GB
15-Apr-2025,QLIK-REPLICATE-PROD-1,TELJRN24_JRNBRI_TO_KAFKA,"91,014,726","1,141",164,200.10 GB
16-Apr-2025,QLIK-REPLICATE-PROD-1,JRRB08_JRNBRIM_TO_KAFKA,"157,930,230","1,781",1,546.83 GB
16-Apr-2025,QLIK-REPLICATE-PROD-1,JRRB10_JRNBRIM_TO_KAFKA,"301,462",1,"1,473",3.59 GB
16-Apr-2025,QLIK-REPLICATE-PROD-1,JRRB10_JRNBRIM_TO_KAFKA_2,"301,858,009","3,534","14,044",6.36 TB
16-Apr-2025,QLIK-REPLICATE-PROD-1,JRRB11_JRNBRIM_TO_KAFKA,"1,006,192",22,6,16.10 GB
16-Apr-2025,QLIK-REPLICATE-PROD-1,JRRB13_JRNBRIM_TO_KAFKA,"15,741,815",177,722,23.25 GB
16-Apr-2025,QLIK-REPLICATE-PROD-1,JRTLOG_JRNBRIM_TO_KAFKA,"31,245,606",356,1,226.51 GB
16-Apr-2025,QLIK-REPLICATE-PROD-1,TELJRN24_JRNBRI_TO_KAFKA,"88,929,968",970,164,195.73 GB
17-Apr-2025,QLIK-REPLICATE-PROD-1,JRRB08_JRNBRIM_TO_KAFKA,"172,339,786","1,647",1,591.30 GB
17-Apr-2025,QLIK-REPLICATE-PROD-1,JRRB10_JRNBRIM_TO_KAFKA,"299,468",1,"1,532",3.58 GB
17-Apr-2025,QLIK-REPLICATE-PROD-1,JRRB10_JRNBRIM_TO_KAFKA_2,"302,191,598","3,499","13,907",6.37 TB
17-Apr-2025,QLIK-REPLICATE-PROD-1,JRRB11_JRNBRIM_TO_KAFKA,"1,031,679",14,5,16.51 GB
17-Apr-2025,QLIK-REPLICATE-PROD-1,JRRB13_JRNBRIM_TO_KAFKA,"15,737,055",134,687,23.27 GB
17-Apr-2025,QLIK-REPLICATE-PROD-1,JRTLOG_JRNBRIM_TO_KAFKA,"31,648,342",344,1,229.31 GB
17-Apr-2025,QLIK-REPLICATE-PROD-1,TELJRN24_JRNBRI_TO_KAFKA,"92,462,031","1,106",181,203.93 GB
18-Apr-2025,QLIK-REPLICATE-PROD-1,JRRB08_JRNBRIM_TO_KAFKA,"133,951,258","1,456",2,465.75 GB
18-Apr-2025,QLIK-REPLICATE-PROD-1,JRRB10_JRNBRIM_TO_KAFKA,"210,747",0,"1,566",2.25 GB
18-Apr-2025,QLIK-REPLICATE-PROD-1,JRRB10_JRNBRIM_TO_KAFKA_2,"302,127,284","3,501","13,848",6.37 TB
18-Apr-2025,QLIK-REPLICATE-PROD-1,JRRB11_JRNBRIM_TO_KAFKA,"1,055,372",13,5,16.91 GB
18-Apr-2025,QLIK-REPLICATE-PROD-1,JRRB13_JRNBRIM_TO_KAFKA,"15,555,074",124,586,22.86 GB
18-Apr-2025,QLIK-REPLICATE-PROD-1,JRTLOG_JRNBRIM_TO_KAFKA,"26,578,129",287,1,192.68 GB
18-Apr-2025,QLIK-REPLICATE-PROD-1,TELJRN24_JRNBRI_TO_KAFKA,"102,160,316","1,234",224,223.78 GB
19-Apr-2025,QLIK-REPLICATE-PROD-1,JRRB08_JRNBRIM_TO_KAFKA,"154,896,624","1,669",3,530.79 GB
19-Apr-2025,QLIK-REPLICATE-PROD-1,JRRB10_JRNBRIM_TO_KAFKA,"108,523",0,"1,485",1.16 GB
19-Apr-2025,QLIK-REPLICATE-PROD-1,JRRB10_JRNBRIM_TO_KAFKA_2,"301,625,306","3,495","13,209",6.36 TB
19-Apr-2025,QLIK-REPLICATE-PROD-1,JRRB11_JRNBRIM_TO_KAFKA,"1,017,208",20,4,16.34 GB
19-Apr-2025,QLIK-REPLICATE-PROD-1,JRRB13_JRNBRIM_TO_KAFKA,"15,432,338",151,731,22.67 GB
19-Apr-2025,QLIK-REPLICATE-PROD-1,JRTLOG_JRNBRIM_TO_KAFKA,"28,780,114",328,1,208.63 GB
19-Apr-2025,QLIK-REPLICATE-PROD-1,TELJRN24_JRNBRI_TO_KAFKA,"78,004,447",891,122,172.80 GB
20-Apr-2025,QLIK-REPLICATE-PROD-1,JRRB08_JRNBRIM_TO_KAFKA,"152,376,768","1,604",3,521.18 GB
20-Apr-2025,QLIK-REPLICATE-PROD-1,JRRB10_JRNBRIM_TO_KAFKA,"50,600",0,"1,503",543.24 MB
20-Apr-2025,QLIK-REPLICATE-PROD-1,JRRB10_JRNBRIM_TO_KAFKA_2,"302,087,901","3,523","12,871",6.37 TB
20-Apr-2025,QLIK-REPLICATE-PROD-1,JRRB11_JRNBRIM_TO_KAFKA,"1,027,102",13,9,16.50 GB
20-Apr-2025,QLIK-REPLICATE-PROD-1,JRRB13_JRNBRIM_TO_KAFKA,"15,386,102",172,665,22.56 GB
20-Apr-2025,QLIK-REPLICATE-PROD-1,JRTLOG_JRNBRIM_TO_KAFKA,"27,372,619",295,1,198.46 GB
20-Apr-2025,QLIK-REPLICATE-PROD-1,TELJRN24_JRNBRI_TO_KAFKA,"84,857,652","1,015",151,190.41 GB
21-Apr-2025,QLIK-REPLICATE-PROD-1,JRRB08_JRNBRIM_TO_KAFKA,"172,700,800","1,671",1,592.34 GB
21-Apr-2025,QLIK-REPLICATE-PROD-1,JRRB10_JRNBRIM_TO_KAFKA,"157,432",1,"1,447",2.05 GB
21-Apr-2025,QLIK-REPLICATE-PROD-1,JRRB10_JRNBRIM_TO_KAFKA_2,"302,044,955","3,554","14,151",6.36 TB
21-Apr-2025,QLIK-REPLICATE-PROD-1,JRRB11_JRNBRIM_TO_KAFKA,"1,047,415",16,8,16.81 GB
21-Apr-2025,QLIK-REPLICATE-PROD-1,JRRB13_JRNBRIM_TO_KAFKA,"15,693,565",155,589,23.32 GB
21-Apr-2025,QLIK-REPLICATE-PROD-1,JRTLOG_JRNBRIM_TO_KAFKA,"32,120,117",346,1,232.76 GB
21-Apr-2025,QLIK-REPLICATE-PROD-1,TELJRN24_JRNBRI_TO_KAFKA,"82,270,572",941,145,182.18 GB
22-Apr-2025,QLIK-REPLICATE-PROD-1,JRRB08_JRNBRIM_TO_KAFKA,"153,244,488","1,834",1,531.56 GB
22-Apr-2025,QLIK-REPLICATE-PROD-1,JRRB10_JRNBRIM_TO_KAFKA,"298,552",6,"1,560",3.58 GB
22-Apr-2025,QLIK-REPLICATE-PROD-1,JRRB10_JRNBRIM_TO_KAFKA_2,"302,298,320","3,501","13,869",6.37 TB
22-Apr-2025,QLIK-REPLICATE-PROD-1,JRRB11_JRNBRIM_TO_KAFKA,"1,032,087",0,7,16.51 GB
22-Apr-2025,QLIK-REPLICATE-PROD-1,JRRB13_JRNBRIM_TO_KAFKA,"15,764,515",185,707,23.34 GB
22-Apr-2025,QLIK-REPLICATE-PROD-1,JRTLOG_JRNBRIM_TO_KAFKA,"31,013,945",344,1,224.91 GB
22-Apr-2025,QLIK-REPLICATE-PROD-1,TELJRN24_JRNBRI_TO_KAFKA,"101,963,404","1,105",190,222.01 GB
23-Apr-2025,QLIK-REPLICATE-PROD-1,JRRB08_JRNBRIM_TO_KAFKA,"144,841,257","1,660",2,503.45 GB
23-Apr-2025,QLIK-REPLICATE-PROD-1,JRRB10_JRNBRIM_TO_KAFKA,"338,148",1,"1,548",4.01 GB
23-Apr-2025,QLIK-REPLICATE-PROD-1,JRRB10_JRNBRIM_TO_KAFKA_2,"302,064,911","3,512","14,236",6.36 TB
23-Apr-2025,QLIK-REPLICATE-PROD-1,JRRB11_JRNBRIM_TO_KAFKA,"985,569",0,7,15.77 GB
23-Apr-2025,QLIK-REPLICATE-PROD-1,JRRB13_JRNBRIM_TO_KAFKA,"15,791,957",151,696,23.35 GB
23-Apr-2025,QLIK-REPLICATE-PROD-1,JRTLOG_JRNBRIM_TO_KAFKA,"29,973,322",319,1,217.36 GB
23-Apr-2025,QLIK-REPLICATE-PROD-1,TELJRN24_JRNBRI_TO_KAFKA,"88,600,580",963,167,192.99 GB
24-Apr-2025,QLIK-REPLICATE-PROD-1,JRRB08_JRNBRIM_TO_KAFKA,"149,490,914","1,773",2,518.37 GB
24-Apr-2025,QLIK-REPLICATE-PROD-1,JRRB10_JRNBRIM_TO_KAFKA,"303,951",1,"1,513",3.61 GB
24-Apr-2025,QLIK-REPLICATE-PROD-1,JRRB10_JRNBRIM_TO_KAFKA_2,"302,053,429","3,526","14,804",6.36 TB
24-Apr-2025,QLIK-REPLICATE-PROD-1,JRRB11_JRNBRIM_TO_KAFKA,"1,012,413",12,8,16.21 GB
24-Apr-2025,QLIK-REPLICATE-PROD-1,JRRB13_JRNBRIM_TO_KAFKA,"15,778,663",173,751,23.33 GB
24-Apr-2025,QLIK-REPLICATE-PROD-1,JRTLOG_JRNBRIM_TO_KAFKA,"30,356,485",366,1,220.03 GB
24-Apr-2025,QLIK-REPLICATE-PROD-1,TELJRN24_JRNBRI_TO_KAFKA,"83,696,386",994,160,183.17 GB
25-Apr-2025,QLIK-REPLICATE-PROD-1,JRRB08_JRNBRIM_TO_KAFKA,"187,555,121","1,898",13,641.13 GB
25-Apr-2025,QLIK-REPLICATE-PROD-1,JRRB10_JRNBRIM_TO_KAFKA,"299,009",1,"1,519",3.53 GB
25-Apr-2025,QLIK-REPLICATE-PROD-1,JRRB10_JRNBRIM_TO_KAFKA_2,"302,563,191","3,502","14,121",6.37 TB
25-Apr-2025,QLIK-REPLICATE-PROD-1,JRRB11_JRNBRIM_TO_KAFKA,"1,039,464",0,7,16.64 GB
25-Apr-2025,QLIK-REPLICATE-PROD-1,JRRB13_JRNBRIM_TO_KAFKA,"16,086,741",150,702,23.92 GB
25-Apr-2025,QLIK-REPLICATE-PROD-1,JRTLOG_JRNBRIM_TO_KAFKA,"34,779,214",391,1,252.19 GB
25-Apr-2025,QLIK-REPLICATE-PROD-1,TELJRN24_JRNBRI_TO_KAFKA,"87,207,529","1,141",166,192.10 GB
26-Apr-2025,QLIK-REPLICATE-PROD-1,JRRB08_JRNBRIM_TO_KAFKA,"153,594,909","1,709",2,533.94 GB
26-Apr-2025,QLIK-REPLICATE-PROD-1,JRRB10_JRNBRIM_TO_KAFKA,"94,333",6,"1,509",1.06 GB
26-Apr-2025,QLIK-REPLICATE-PROD-1,JRRB10_JRNBRIM_TO_KAFKA_2,"302,934,713","3,479","15,572",6.38 TB
26-Apr-2025,QLIK-REPLICATE-PROD-1,JRRB11_JRNBRIM_TO_KAFKA,"1,033,118",0,18,16.56 GB
26-Apr-2025,QLIK-REPLICATE-PROD-1,JRRB13_JRNBRIM_TO_KAFKA,"5,399,745",170,635,8.34 GB
26-Apr-2025,QLIK-REPLICATE-PROD-1,JRTLOG_JRNBRIM_TO_KAFKA,"30,889,428",335,2,224.74 GB
26-Apr-2025,QLIK-REPLICATE-PROD-1,TELJRN24_JRNBRI_TO_KAFKA,"97,978,646","1,433",326,206.98 GB
27-Apr-2025,QLIK-REPLICATE-PROD-1,JRRB08_JRNBRIM_TO_KAFKA,"144,606,127","1,607",2,495.90 GB
27-Apr-2025,QLIK-REPLICATE-PROD-1,JRRB10_JRNBRIM_TO_KAFKA,"113,680",0,"1,485",1.19 GB
27-Apr-2025,QLIK-REPLICATE-PROD-1,JRRB10_JRNBRIM_TO_KAFKA_2,"302,660,110","3,506","13,898",6.38 TB
27-Apr-2025,QLIK-REPLICATE-PROD-1,JRRB11_JRNBRIM_TO_KAFKA,"1,033,630",13,7,16.60 GB
27-Apr-2025,QLIK-REPLICATE-PROD-1,JRRB13_JRNBRIM_TO_KAFKA,"15,471,145",149,654,22.70 GB
27-Apr-2025,QLIK-REPLICATE-PROD-1,JRTLOG_JRNBRIM_TO_KAFKA,"26,962,902",297,2,196.30 GB
27-Apr-2025,QLIK-REPLICATE-PROD-1,TELJRN24_JRNBRI_TO_KAFKA,"90,538,763","1,041",196,203.37 GB
28-Apr-2025,QLIK-REPLICATE-PROD-1,JRRB08_JRNBRIM_TO_KAFKA,"173,341,460","1,856",3,593.96 GB
28-Apr-2025,QLIK-REPLICATE-PROD-1,JRRB10_JRNBRIM_TO_KAFKA,"116,594",1,"1,464",1.43 GB
28-Apr-2025,QLIK-REPLICATE-PROD-1,JRRB10_JRNBRIM_TO_KAFKA_2,"302,390,630","3,499","14,500",6.37 TB
28-Apr-2025,QLIK-REPLICATE-PROD-1,JRRB11_JRNBRIM_TO_KAFKA,"1,064,508",12,7,17.08 GB
28-Apr-2025,QLIK-REPLICATE-PROD-1,JRRB13_JRNBRIM_TO_KAFKA,"15,923,867",169,743,23.87 GB
28-Apr-2025,QLIK-REPLICATE-PROD-1,JRTLOG_JRNBRIM_TO_KAFKA,"33,789,488",371,2,245.59 GB
28-Apr-2025,QLIK-REPLICATE-PROD-1,TELJRN24_JRNBRI_TO_KAFKA,"76,323,826",884,126,168.76 GB
29-Apr-2025,QLIK-REPLICATE-PROD-1,JRRB08_JRNBRIM_TO_KAFKA,"176,821,997","1,759",2,606.75 GB
29-Apr-2025,QLIK-REPLICATE-PROD-1,JRRB10_JRNBRIM_TO_KAFKA,"198,030",0,"1,518",2.21 GB
29-Apr-2025,QLIK-REPLICATE-PROD-1,JRRB10_JRNBRIM_TO_KAFKA_2,"302,677,239","3,481","14,810",6.38 TB
29-Apr-2025,QLIK-REPLICATE-PROD-1,JRRB11_JRNBRIM_TO_KAFKA,"1,003,013",15,12,16.04 GB
29-Apr-2025,QLIK-REPLICATE-PROD-1,JRRB13_JRNBRIM_TO_KAFKA,"16,048,070",209,675,24.05 GB
29-Apr-2025,QLIK-REPLICATE-PROD-1,JRTLOG_JRNBRIM_TO_KAFKA,"33,160,496",365,2,240.54 GB
29-Apr-2025,QLIK-REPLICATE-PROD-1,TELJRN24_JRNBRI_TO_KAFKA,"94,463,777","1,175",191,207.33 GB
30-Apr-2025,QLIK-REPLICATE-PROD-1,JRRB08_JRNBRIM_TO_KAFKA,"181,203,735","1,901",2,628.15 GB
30-Apr-2025,QLIK-REPLICATE-PROD-1,JRRB10_JRNBRIM_TO_KAFKA,"223,770",0,"1,510",2.40 GB
30-Apr-2025,QLIK-REPLICATE-PROD-1,JRRB10_JRNBRIM_TO_KAFKA_2,"303,279,012","3,550","14,931",6.39 TB
30-Apr-2025,QLIK-REPLICATE-PROD-1,JRRB11_JRNBRIM_TO_KAFKA,"1,024,304",18,7,16.40 GB
30-Apr-2025,QLIK-REPLICATE-PROD-1,JRRB13_JRNBRIM_TO_KAFKA,"16,412,634",171,600,24.70 GB
30-Apr-2025,QLIK-REPLICATE-PROD-1,JRTLOG_JRNBRIM_TO_KAFKA,"36,414,939",393,2,264.11 GB
30-Apr-2025,QLIK-REPLICATE-PROD-1,TELJRN24_JRNBRI_TO_KAFKA,"104,106,493","1,194",245,226.19 GB
01-May-2025,QLIK-REPLICATE-PROD-1,JRRB08_JRNBRIM_TO_KAFKA,"197,612,541","2,035",1,679.07 GB
01-May-2025,QLIK-REPLICATE-PROD-1,JRRB10_JRNBRIM_TO_KAFKA,"162,253",0,"1,893",1.69 GB
01-May-2025,QLIK-REPLICATE-PROD-1,JRRB10_JRNBRIM_TO_KAFKA_2,"305,066,385","3,575","15,542",6.43 TB
01-May-2025,QLIK-REPLICATE-PROD-1,JRRB11_JRNBRIM_TO_KAFKA,"1,071,441",23,8,17.15 GB
01-May-2025,QLIK-REPLICATE-PROD-1,JRRB13_JRNBRIM_TO_KAFKA,"18,392,302",173,687,27.35 GB
01-May-2025,QLIK-REPLICATE-PROD-1,JRTLOG_JRNBRIM_TO_KAFKA,"34,337,122",389,2,249.22 GB
01-May-2025,QLIK-REPLICATE-PROD-1,TELJRN24_JRNBRI_TO_KAFKA,"107,490,544","1,314",242,243.12 GB
02-May-2025,QLIK-REPLICATE-PROD-1,JRRB08_JRNBRIM_TO_KAFKA,"173,759,449","1,818",2,604.71 GB
02-May-2025,QLIK-REPLICATE-PROD-1,JRRB10_JRNBRIM_TO_KAFKA,"159,544",1,"1,571",1.91 GB
02-May-2025,QLIK-REPLICATE-PROD-1,JRRB10_JRNBRIM_TO_KAFKA_2,"303,333,425","3,475","14,845",6.39 TB
02-May-2025,QLIK-REPLICATE-PROD-1,JRRB11_JRNBRIM_TO_KAFKA,"1,030,113",16,7,16.51 GB
02-May-2025,QLIK-REPLICATE-PROD-1,JRRB13_JRNBRIM_TO_KAFKA,"16,708,230",149,667,24.78 GB
02-May-2025,QLIK-REPLICATE-PROD-1,JRTLOG_JRNBRIM_TO_KAFKA,"35,847,750",431,2,260.18 GB
02-May-2025,QLIK-REPLICATE-PROD-1,TELJRN24_JRNBRI_TO_KAFKA,"116,892,542","1,435",308,256.36 GB
03-May-2025,QLIK-REPLICATE-PROD-1,JRRB08_JRNBRIM_TO_KAFKA,"158,100,825","1,892",2,551.20 GB
03-May-2025,QLIK-REPLICATE-PROD-1,JRRB10_JRNBRIM_TO_KAFKA,"156,418",0,"1,521",1.63 GB
03-May-2025,QLIK-REPLICATE-PROD-1,JRRB10_JRNBRIM_TO_KAFKA_2,"303,274,184","3,543","14,266",6.39 TB
03-May-2025,QLIK-REPLICATE-PROD-1,JRRB11_JRNBRIM_TO_KAFKA,"1,067,846",15,5,17.08 GB
03-May-2025,QLIK-REPLICATE-PROD-1,JRRB13_JRNBRIM_TO_KAFKA,"16,131,285",166,679,23.68 GB
03-May-2025,QLIK-REPLICATE-PROD-1,JRTLOG_JRNBRIM_TO_KAFKA,"31,357,643",349,2,227.65 GB
03-May-2025,QLIK-REPLICATE-PROD-1,TELJRN24_JRNBRI_TO_KAFKA,"101,087,856","1,199",232,223.67 GB
04-May-2025,QLIK-REPLICATE-PROD-1,JRRB08_JRNBRIM_TO_KAFKA,"149,306,201","1,570",2,518.47 GB
04-May-2025,QLIK-REPLICATE-PROD-1,JRRB10_JRNBRIM_TO_KAFKA,"101,999",0,"1,496",1.06 GB
04-May-2025,QLIK-REPLICATE-PROD-1,JRRB10_JRNBRIM_TO_KAFKA_2,"303,359,263","3,505","13,739",6.39 TB
04-May-2025,QLIK-REPLICATE-PROD-1,JRRB11_JRNBRIM_TO_KAFKA,"1,035,859",0,6,16.63 GB
04-May-2025,QLIK-REPLICATE-PROD-1,JRRB13_JRNBRIM_TO_KAFKA,"15,756,890",146,662,23.11 GB
04-May-2025,QLIK-REPLICATE-PROD-1,JRTLOG_JRNBRIM_TO_KAFKA,"27,995,978",310,2,203.03 GB
04-May-2025,QLIK-REPLICATE-PROD-1,TELJRN24_JRNBRI_TO_KAFKA,"92,868,537","1,048",195,209.35 GB
05-May-2025,QLIK-REPLICATE-PROD-1,JRRB08_JRNBRIM_TO_KAFKA,"200,224,155","2,031",2,689.35 GB
05-May-2025,QLIK-REPLICATE-PROD-1,JRRB10_JRNBRIM_TO_KAFKA,"120,031",1,"1,393",1.52 GB
05-May-2025,QLIK-REPLICATE-PROD-1,JRRB10_JRNBRIM_TO_KAFKA_2,"303,408,565","3,517","14,261",6.39 TB
05-May-2025,QLIK-REPLICATE-PROD-1,JRRB11_JRNBRIM_TO_KAFKA,"1,065,570",0,7,17.09 GB
05-May-2025,QLIK-REPLICATE-PROD-1,JRRB13_JRNBRIM_TO_KAFKA,"16,115,704",198,667,23.93 GB
05-May-2025,QLIK-REPLICATE-PROD-1,JRTLOG_JRNBRIM_TO_KAFKA,"37,994,271",408,2,275.43 GB
05-May-2025,QLIK-REPLICATE-PROD-1,TELJRN24_JRNBRI_TO_KAFKA,"87,649,070","1,024",184,194.81 GB
06-May-2025,QLIK-REPLICATE-PROD-1,JRRB08_JRNBRIM_TO_KAFKA,"173,505,150","1,875",2,599.48 GB
06-May-2025,QLIK-REPLICATE-PROD-1,JRRB10_JRNBRIM_TO_KAFKA,"226,784",1,"1,512",2.66 GB
06-May-2025,QLIK-REPLICATE-PROD-1,JRRB10_JRNBRIM_TO_KAFKA_2,"303,385,033","3,473","14,932",6.39 TB
06-May-2025,QLIK-REPLICATE-PROD-1,JRRB11_JRNBRIM_TO_KAFKA,"1,063,458",14,6,17.00 GB
06-May-2025,QLIK-REPLICATE-PROD-1,JRRB13_JRNBRIM_TO_KAFKA,"16,237,418",194,674,24.01 GB
06-May-2025,QLIK-REPLICATE-PROD-1,JRTLOG_JRNBRIM_TO_KAFKA,"35,602,762",416,2,258.08 GB
06-May-2025,QLIK-REPLICATE-PROD-1,TELJRN24_JRNBRI_TO_KAFKA,"117,190,558","1,365",295,254.55 GB
07-May-2025,QLIK-REPLICATE-PROD-1,JRRB08_JRNBRIM_TO_KAFKA,"162,736,644","1,837",3,565.49 GB
07-May-2025,QLIK-REPLICATE-PROD-1,JRRB10_JRNBRIM_TO_KAFKA,"275,855",1,"1,461",3.20 GB
07-May-2025,QLIK-REPLICATE-PROD-1,JRRB10_JRNBRIM_TO_KAFKA_2,"303,139,419","3,523","14,351",6.39 TB
07-May-2025,QLIK-REPLICATE-PROD-1,JRRB11_JRNBRIM_TO_KAFKA,"1,047,532",13,7,16.76 GB
07-May-2025,QLIK-REPLICATE-PROD-1,JRRB13_JRNBRIM_TO_KAFKA,"16,033,283",143,669,23.69 GB
07-May-2025,QLIK-REPLICATE-PROD-1,JRTLOG_JRNBRIM_TO_KAFKA,"33,056,011",387,1,239.68 GB
07-May-2025,QLIK-REPLICATE-PROD-1,TELJRN24_JRNBRI_TO_KAFKA,"101,291,605","1,106",221,221.48 GB
08-May-2025,QLIK-REPLICATE-PROD-1,JRRB08_JRNBRIM_TO_KAFKA,"162,047,470","1,942",2,562.25 GB
08-May-2025,QLIK-REPLICATE-PROD-1,JRRB10_JRNBRIM_TO_KAFKA,"265,036",1,"1,474",3.07 GB
08-May-2025,QLIK-REPLICATE-PROD-1,JRRB10_JRNBRIM_TO_KAFKA_2,"303,199,895","3,552","14,636",6.39 TB
08-May-2025,QLIK-REPLICATE-PROD-1,JRRB11_JRNBRIM_TO_KAFKA,"1,037,347",0,7,16.60 GB
08-May-2025,QLIK-REPLICATE-PROD-1,JRRB13_JRNBRIM_TO_KAFKA,"16,123,865",135,648,23.82 GB
08-May-2025,QLIK-REPLICATE-PROD-1,JRTLOG_JRNBRIM_TO_KAFKA,"32,609,545",422,2,236.31 GB
08-May-2025,QLIK-REPLICATE-PROD-1,TELJRN24_JRNBRI_TO_KAFKA,"94,110,132","1,225",213,205.98 GB
09-May-2025,QLIK-REPLICATE-PROD-1,JRRB08_JRNBRIM_TO_KAFKA,"179,468,767","1,857",2,615.85 GB
09-May-2025,QLIK-REPLICATE-PROD-1,JRRB10_JRNBRIM_TO_KAFKA,"268,944",15,"1,526",3.13 GB
09-May-2025,QLIK-REPLICATE-PROD-1,JRRB10_JRNBRIM_TO_KAFKA_2,"303,297,344","3,516","14,766",6.39 TB
09-May-2025,QLIK-REPLICATE-PROD-1,JRRB11_JRNBRIM_TO_KAFKA,"1,039,546",14,8,16.64 GB
09-May-2025,QLIK-REPLICATE-PROD-1,JRRB13_JRNBRIM_TO_KAFKA,"16,134,337",142,707,23.87 GB
09-May-2025,QLIK-REPLICATE-PROD-1,JRTLOG_JRNBRIM_TO_KAFKA,"32,927,261",376,1,238.74 GB
09-May-2025,QLIK-REPLICATE-PROD-1,TELJRN24_JRNBRI_TO_KAFKA,"94,023,086","1,118",194,206.07 GB
10-May-2025,QLIK-REPLICATE-PROD-1,JRRB08_JRNBRIM_TO_KAFKA,"164,958,260","2,019",3,571.54 GB
10-May-2025,QLIK-REPLICATE-PROD-1,JRRB10_JRNBRIM_TO_KAFKA,"203,426",0,"1,506",2.16 GB
10-May-2025,QLIK-REPLICATE-PROD-1,JRRB10_JRNBRIM_TO_KAFKA_2,"303,384,965","3,558","14,344",6.39 TB
10-May-2025,QLIK-REPLICATE-PROD-1,JRRB11_JRNBRIM_TO_KAFKA,"1,048,117",15,5,16.79 GB
10-May-2025,QLIK-REPLICATE-PROD-1,JRRB13_JRNBRIM_TO_KAFKA,"15,919,454",104,626,23.40 GB
10-May-2025,QLIK-REPLICATE-PROD-1,JRTLOG_JRNBRIM_TO_KAFKA,"31,770,188",416,2,230.51 GB
10-May-2025,QLIK-REPLICATE-PROD-1,TELJRN24_JRNBRI_TO_KAFKA,"106,295,709","1,299",253,232.65 GB