post_id,username,post_date,caption,media_type,slide_count,like_count,comment_count,view_count,unique_viewers,saved_count,share_count,link_clicks,impression_count,hashtags_list,hashtags_count,hashtags,mentions,caption_entities,sentiment_score_caption,channel,crawled_at
POST_1000,vinfastglobal,2025-02-01,This is a sample caption for post 1000,image,5,4112,124,9644,8018,178,284,11,19318,"['#vinfast', '#mobility', '#electricvehicle', '#car']",4,#vinfast #mobility #electricvehicle #car,,{},0.01,Instagram,2025-04-25 07:44:23.988981
POST_1001,vinfastglobal,2025-02-01,This is a sample caption for post 1001,carousel,9,6973,122,29939,22908,6,86,89,36863,"['#greenfuture', '#ev', '#electricvehicle']",3,#greenfuture #ev #electricvehicle,@vinfast,{},-0.81,Instagram,2025-04-25 07:44:23.989090
POST_1002,vinfast.official,2025-02-01,This is a sample caption for post 1002,video,10,4433,423,3347,2772,142,68,48,4638,"['#mobility', '#electricvehicle', '#greenfuture']",3,#mobility #electricvehicle #greenfuture,@vinfast @evcommunity,{},-0.91,Instagram,2025-04-25 07:44:23.989112
POST_1003,vinfast.official,2025-02-01,This is a sample caption for post 1003,image,4,1754,204,18717,13177,98,88,47,24537,"['#mobility', '#greenfuture']",2,#mobility #greenfuture,@evcommunity @vinfast,{},0.22,Instagram,2025-04-25 07:44:23.989131
POST_1004,vinfastglobal,2025-02-01,This is a sample caption for post 1004,image,8,6316,148,42443,34364,61,171,98,43359,"['#vinfast', '#greenfuture']",2,#vinfast #greenfuture,@vf9,{},-0.87,TikTok,2025-04-25 07:44:23.989148
POST_1005,vinfastglobal,2025-02-01,This is a sample caption for post 1005,carousel,8,6582,462,42629,30116,72,76,31,51826,"['#mobility', '#electricvehicle', '#car']",3,#mobility #electricvehicle #car,@vf9 @evcommunity,{},-0.56,Instagram,2025-04-25 07:44:23.989164
POST_1006,vinfast.official,2025-02-01,This is a sample caption for post 1006,image,1,1896,88,41620,23806,179,221,76,42660,"['#car', '#electricvehicle', '#mobility', '#greenfuture']",4,#car #electricvehicle #mobility #greenfuture,@evcommunity,{},0.72,Instagram,2025-04-25 07:44:23.989179
POST_1007,vinfastglobal,2025-02-01,This is a sample caption for post 1007,carousel,9,4471,403,42506,27759,80,227,20,49939,['#mobility'],1,#mobility,@vf9 @vinfast,{},0.02,Instagram,2025-04-25 07:44:23.989201
POST_1008,vinfast.official,2025-02-01,This is a sample caption for post 1008,carousel,9,3358,88,25004,21081,143,276,0,34817,"['#car', '#vinfast', '#electricvehicle']",3,#car #vinfast #electricvehicle,@vf9,{},-0.52,Instagram,2025-04-25 07:44:23.989217
POST_1009,vinfastglobal,2025-02-01,This is a sample caption for post 1009,image,8,1233,399,35411,29909,37,248,70,38116,"['#electricvehicle', '#mobility', '#car']",3,#electricvehicle #mobility #car,,{},0.86,Instagram,2025-04-25 07:44:23.989232
POST_1010,vinfast.official,2025-02-02,This is a sample caption for post 1010,video,6,7277,470,34419,24202,68,120,8,39958,['#electricvehicle'],1,#electricvehicle,@vinfast @evcommunity,{},-0.99,Instagram,2025-04-25 07:44:23.989262
POST_1011,vinfastglobal,2025-02-02,This is a sample caption for post 1011,image,1,5513,46,34195,20759,176,253,27,43029,"['#mobility', '#electricvehicle']",2,#mobility #electricvehicle,@vf9 @vinfast,{},0.57,TikTok,2025-04-25 07:44:23.989279
POST_1012,vinfastglobal,2025-02-02,This is a sample caption for post 1012,image,2,7162,191,28259,19357,191,32,86,29871,['#car'],1,#car,@vf9 @vinfast,{},-0.5,Instagram,2025-04-25 07:44:23.989304
POST_1013,vinfast.official,2025-02-02,This is a sample caption for post 1013,image,7,3106,152,30818,18873,24,231,70,32422,['#mobility'],1,#mobility,@vinfast @evcommunity,{},0.85,Instagram,2025-04-25 07:44:23.989319
POST_1014,vinfastglobal,2025-02-02,This is a sample caption for post 1014,video,8,7986,119,26782,24267,47,199,0,33178,"['#car', '#greenfuture', '#mobility']",3,#car #greenfuture #mobility,@evcommunity @vf9,{},-0.69,TikTok,2025-04-25 07:44:23.989334
POST_1015,vinfastglobal,2025-02-02,This is a sample caption for post 1015,image,10,8983,41,49519,31747,17,249,64,58220,"['#vinfast', '#electricvehicle']",2,#vinfast #electricvehicle,,{},0.7,Instagram,2025-04-25 07:44:23.989347
POST_1016,vinfastglobal,2025-02-02,This is a sample caption for post 1016,carousel,4,6715,71,37834,23108,157,25,79,39177,"['#mobility', '#electricvehicle', '#greenfuture', '#ev']",4,#mobility #electricvehicle #greenfuture #ev,,{},0.34,TikTok,2025-04-25 07:44:23.989369
POST_1017,vinfastglobal,2025-02-02,This is a sample caption for post 1017,video,7,2244,353,42803,27179,85,42,1,50311,['#vinfast'],1,#vinfast,@vinfast @vf9,{},-0.74,TikTok,2025-04-25 07:44:23.989388
POST_1018,vinfastglobal,2025-02-02,This is a sample caption for post 1018,image,6,4769,90,29216,25569,185,159,78,37882,['#mobility'],1,#mobility,@vf9 @vinfast,{},0.88,Instagram,2025-04-25 07:44:23.989410
POST_1019,vinfast.official,2025-02-02,This is a sample caption for post 1019,image,2,9164,89,18348,11500,58,180,26,22673,"['#greenfuture', '#vinfast', '#electricvehicle', '#mobility']",4,#greenfuture #vinfast #electricvehicle #mobility,@vf9,{},-0.91,TikTok,2025-04-25 07:44:23.989431
POST_1020,vinfast.official,2025-02-03,This is a sample caption for post 1020,image,8,9138,371,28528,21464,33,43,88,30970,['#greenfuture'],1,#greenfuture,@evcommunity @vinfast,{},-0.14,Instagram,2025-04-25 07:44:23.989453
POST_1021,vinfast.official,2025-02-03,This is a sample caption for post 1021,video,1,5962,117,45199,27674,31,186,99,54372,"['#electricvehicle', '#ev', '#mobility', '#vinfast']",4,#electricvehicle #ev #mobility #vinfast,,{},0.76,Instagram,2025-04-25 07:44:23.989477
POST_1022,vinfastglobal,2025-02-03,This is a sample caption for post 1022,carousel,6,6845,420,44403,39466,68,141,20,46174,"['#vinfast', '#car', '#ev', '#mobility']",4,#vinfast #car #ev #mobility,@vf9,{},-0.39,Instagram,2025-04-25 07:44:23.989500
POST_1023,vinfastglobal,2025-02-03,This is a sample caption for post 1023,image,4,6628,178,18758,16675,76,184,82,27104,"['#mobility', '#electricvehicle', '#greenfuture', '#vinfast']",4,#mobility #electricvehicle #greenfuture #vinfast,,{},0.75,TikTok,2025-04-25 07:44:23.989524
POST_1024,vinfastglobal,2025-02-03,This is a sample caption for post 1024,carousel,5,726,65,39596,27541,191,165,55,49528,['#car'],1,#car,@vinfast @vf9,{},-0.91,TikTok,2025-04-25 07:44:23.989547
POST_1025,vinfastglobal,2025-02-03,This is a sample caption for post 1025,carousel,9,3328,196,28765,15288,175,174,79,33908,['#mobility'],1,#mobility,@evcommunity,{},-0.38,TikTok,2025-04-25 07:44:23.989568
POST_1026,vinfast.official,2025-02-04,This is a sample caption for post 1026,carousel,5,9183,75,13072,9009,102,94,78,22396,"['#car', '#electricvehicle', '#vinfast']",3,#car #electricvehicle #vinfast,@vf9,{},-0.58,TikTok,2025-04-25 07:44:23.989583
POST_1027,vinfast.official,2025-02-04,This is a sample caption for post 1027,video,8,3601,271,31510,27009,193,91,84,32899,"['#electricvehicle', '#mobility', '#greenfuture']",3,#electricvehicle #mobility #greenfuture,,{},0.64,Instagram,2025-04-25 07:44:23.989596
POST_1028,vinfast.official,2025-02-04,This is a sample caption for post 1028,image,4,2514,22,3528,2152,126,42,58,10318,"['#mobility', '#car']",2,#mobility #car,@vf9,{},-0.51,Instagram,2025-04-25 07:44:23.989613
POST_1029,vinfastglobal,2025-02-04,This is a sample caption for post 1029,video,4,2981,421,46107,33800,17,290,31,48095,"['#ev', '#car', '#greenfuture', '#mobility']",4,#ev #car #greenfuture #mobility,@evcommunity @vf9,{},0.66,TikTok,2025-04-25 07:44:23.989628
POST_1030,vinfastglobal,2025-02-04,This is a sample caption for post 1030,carousel,8,7473,142,49768,30421,168,146,98,58308,"['#mobility', '#ev', '#greenfuture', '#electricvehicle']",4,#mobility #ev #greenfuture #electricvehicle,,{},0.43,Instagram,2025-04-25 07:44:23.989642
POST_1031,vinfast.official,2025-02-04,This is a sample caption for post 1031,video,6,8949,51,9568,5433,103,83,90,13073,['#car'],1,#car,@vf9,{},0.09,TikTok,2025-04-25 07:44:23.989654
POST_1032,vinfastglobal,2025-02-04,This is a sample caption for post 1032,image,7,6481,473,38778,35897,10,299,48,46592,['#greenfuture'],1,#greenfuture,@vf9,{},0.71,TikTok,2025-04-25 07:44:23.989667
POST_1033,vinfastglobal,2025-02-05,This is a sample caption for post 1033,video,4,4571,233,32327,16585,91,212,92,35031,"['#ev', '#electricvehicle', '#vinfast', '#mobility']",4,#ev #electricvehicle #vinfast #mobility,@evcommunity @vinfast,{},-0.83,TikTok,2025-04-25 07:44:23.989684
POST_1034,vinfastglobal,2025-02-05,This is a sample caption for post 1034,video,3,923,143,25344,16405,121,172,43,31555,"['#car', '#greenfuture', '#vinfast']",3,#car #greenfuture #vinfast,@vinfast,{},0.5,Instagram,2025-04-25 07:44:23.989697
POST_1035,vinfast.official,2025-02-05,This is a sample caption for post 1035,image,2,759,396,2533,2348,56,15,79,5029,"['#ev', '#car']",2,#ev #car,@vinfast @evcommunity,{},-0.07,TikTok,2025-04-25 07:44:23.989712
POST_1036,vinfast.official,2025-02-05,This is a sample caption for post 1036,image,10,1976,408,11232,10492,32,18,39,20665,"['#car', '#ev', '#vinfast', '#greenfuture']",4,#car #ev #vinfast #greenfuture,@evcommunity @vinfast,{},-0.8,TikTok,2025-04-25 07:44:23.989726
POST_1037,vinfastglobal,2025-02-05,This is a sample caption for post 1037,carousel,1,5788,282,28574,22793,22,264,82,34164,['#car'],1,#car,@vinfast,{},-0.13,TikTok,2025-04-25 07:44:23.989747
POST_1038,vinfast.official,2025-02-05,This is a sample caption for post 1038,carousel,3,7235,100,48590,35703,171,143,78,57407,"['#car', '#mobility', '#greenfuture', '#ev']",4,#car #mobility #greenfuture #ev,,{},0.66,Instagram,2025-04-25 07:44:23.989771
POST_1039,vinfast.official,2025-02-05,This is a sample caption for post 1039,video,4,7713,301,40498,32426,91,19,63,45823,"['#car', '#ev']",2,#car #ev,@vf9,{},-0.32,TikTok,2025-04-25 07:44:23.989790
POST_1040,vinfastglobal,2025-02-05,This is a sample caption for post 1040,carousel,4,1502,133,47690,32567,147,128,88,55490,"['#car', '#vinfast', '#electricvehicle', '#ev']",4,#car #vinfast #electricvehicle #ev,,{},-0.19,Instagram,2025-04-25 07:44:23.989804
POST_1041,vinfast.official,2025-02-05,This is a sample caption for post 1041,carousel,10,6146,252,36772,27171,113,286,42,42536,"['#greenfuture', '#mobility', '#electricvehicle', '#vinfast']",4,#greenfuture #mobility #electricvehicle #vinfast,,{},0.44,TikTok,2025-04-25 07:44:23.989817
POST_1042,vinfastglobal,2025-02-06,This is a sample caption for post 1042,image,4,8033,151,47986,36724,199,273,76,52622,['#ev'],1,#ev,@vinfast,{},-0.28,TikTok,2025-04-25 07:44:23.989832
POST_1043,vinfastglobal,2025-02-06,This is a sample caption for post 1043,carousel,9,2173,150,3482,3267,146,154,89,5550,"['#vinfast', '#mobility', '#greenfuture', '#ev']",4,#vinfast #mobility #greenfuture #ev,@vf9,{},-0.32,Instagram,2025-04-25 07:44:23.989846
POST_1044,vinfast.official,2025-02-06,This is a sample caption for post 1044,video,2,1170,215,32727,17454,166,32,19,35171,"['#vinfast', '#ev', '#mobility']",3,#vinfast #ev #mobility,@vf9 @vinfast,{},0.55,TikTok,2025-04-25 07:44:23.989861
POST_1045,vinfast.official,2025-02-06,This is a sample caption for post 1045,video,5,9742,229,20513,15505,20,55,97,23917,"['#greenfuture', '#vinfast']",2,#greenfuture #vinfast,,{},-0.52,Instagram,2025-04-25 07:44:23.989875
POST_1046,vinfastglobal,2025-02-06,This is a sample caption for post 1046,image,7,7481,362,39416,28042,13,123,36,44048,"['#vinfast', '#ev', '#greenfuture', '#car']",4,#vinfast #ev #greenfuture #car,@evcommunity @vinfast,{},-0.15,Instagram,2025-04-25 07:44:23.989889
POST_1047,vinfastglobal,2025-02-07,This is a sample caption for post 1047,video,3,1269,40,11373,9743,157,296,36,18568,['#car'],1,#car,@vf9 @evcommunity,{},0.89,TikTok,2025-04-25 07:44:23.989904
POST_1048,vinfast.official,2025-02-07,This is a sample caption for post 1048,image,10,753,465,28813,23930,159,133,3,30309,"['#mobility', '#electricvehicle']",2,#mobility #electricvehicle,@vinfast @vf9,{},0.15,Instagram,2025-04-25 07:44:23.989917
POST_1049,vinfast.official,2025-02-07,This is a sample caption for post 1049,carousel,8,4657,102,38860,27052,130,51,60,44560,"['#greenfuture', '#mobility', '#vinfast', '#car']",4,#greenfuture #mobility #vinfast #car,@vf9,{},0.39,TikTok,2025-04-25 07:44:23.989931
POST_1050,vinfast.official,2025-02-07,This is a sample caption for post 1050,carousel,1,7551,55,21112,12953,34,211,65,21130,"['#car', '#vinfast', '#ev', '#greenfuture']",4,#car #vinfast #ev #greenfuture,@evcommunity,{},0.51,TikTok,2025-04-25 07:44:23.989945
POST_1051,vinfastglobal,2025-02-07,This is a sample caption for post 1051,image,5,9098,77,19376,13508,183,253,15,19848,"['#mobility', '#ev']",2,#mobility #ev,@evcommunity,{},-0.97,TikTok,2025-04-25 07:44:23.989960
POST_1052,vinfastglobal,2025-02-07,This is a sample caption for post 1052,image,2,7660,494,8198,6488,44,260,91,12979,"['#car', '#mobility', '#electricvehicle']",3,#car #mobility #electricvehicle,,{},-0.09,Instagram,2025-04-25 07:44:23.989973
POST_1053,vinfast.official,2025-02-07,This is a sample caption for post 1053,image,10,8427,392,9446,8395,75,217,43,17764,"['#vinfast', '#greenfuture', '#electricvehicle']",3,#vinfast #greenfuture #electricvehicle,@evcommunity @vf9,{},0.73,TikTok,2025-04-25 07:44:23.989987
POST_1054,vinfast.official,2025-02-07,This is a sample caption for post 1054,video,6,9142,400,36114,24187,87,101,89,40026,"['#ev', '#car', '#vinfast', '#mobility']",4,#ev #car #vinfast #mobility,@vf9 @evcommunity,{},-0.23,Instagram,2025-04-25 07:44:23.990011
POST_1055,vinfast.official,2025-02-07,This is a sample caption for post 1055,image,3,8329,312,22257,19839,117,56,67,29743,['#mobility'],1,#mobility,,{},-0.18,Instagram,2025-04-25 07:44:23.990032
POST_1056,vinfastglobal,2025-02-07,This is a sample caption for post 1056,video,5,5646,329,45897,31157,25,173,86,54639,"['#greenfuture', '#car', '#vinfast', '#mobility']",4,#greenfuture #car #vinfast #mobility,,{},-0.53,TikTok,2025-04-25 07:44:23.990046
POST_1057,vinfastglobal,2025-02-08,This is a sample caption for post 1057,video,2,1746,237,11402,9261,12,28,41,12321,"['#greenfuture', '#mobility', '#car']",3,#greenfuture #mobility #car,,{},-0.51,TikTok,2025-04-25 07:44:23.990062
POST_1058,vinfastglobal,2025-02-08,This is a sample caption for post 1058,image,3,1393,322,25570,19915,66,259,74,27914,"['#car', '#greenfuture']",2,#car #greenfuture,@vf9,{},0.33,TikTok,2025-04-25 07:44:23.990076
POST_1059,vinfast.official,2025-02-08,This is a sample caption for post 1059,carousel,9,2688,47,29449,27250,155,158,81,36400,"['#car', '#greenfuture', '#ev']",3,#car #greenfuture #ev,@vf9,{},-0.79,TikTok,2025-04-25 07:44:23.990091
POST_1060,vinfast.official,2025-02-08,This is a sample caption for post 1060,carousel,5,4937,21,43637,29590,7,294,87,44440,"['#greenfuture', '#ev', '#mobility', '#vinfast']",4,#greenfuture #ev #mobility #vinfast,@vinfast @vf9,{},0.36,Instagram,2025-04-25 07:44:23.990106
POST_1061,vinfastglobal,2025-02-08,This is a sample caption for post 1061,carousel,1,5161,413,29389,15135,98,72,11,34224,"['#mobility', '#car', '#ev']",3,#mobility #car #ev,,{},-0.74,TikTok,2025-04-25 07:44:23.990119
POST_1062,vinfast.official,2025-02-08,This is a sample caption for post 1062,image,5,7994,422,19842,16586,91,63,59,21075,"['#ev', '#car']",2,#ev #car,@vf9 @vinfast,{},0.58,Instagram,2025-04-25 07:44:23.990134
POST_1063,vinfastglobal,2025-02-09,This is a sample caption for post 1063,video,6,4395,309,25470,22161,100,60,86,29300,"['#vinfast', '#electricvehicle', '#greenfuture', '#car']",4,#vinfast #electricvehicle #greenfuture #car,,{},0.3,TikTok,2025-04-25 07:44:23.990149
POST_1064,vinfast.official,2025-02-09,This is a sample caption for post 1064,carousel,7,2011,81,3471,3213,82,257,14,5063,"['#electricvehicle', '#ev']",2,#electricvehicle #ev,@vf9,{},-0.26,TikTok,2025-04-25 07:44:23.990162
POST_1065,vinfastglobal,2025-02-09,This is a sample caption for post 1065,video,2,8117,325,27246,25136,76,21,88,33316,"['#car', '#mobility']",2,#car #mobility,,{},0.71,Instagram,2025-04-25 07:44:23.990177
POST_1066,vinfast.official,2025-02-09,This is a sample caption for post 1066,carousel,6,1092,213,18580,10876,36,237,11,22055,['#vinfast'],1,#vinfast,@vinfast,{},0.98,Instagram,2025-04-25 07:44:23.990190
POST_1067,vinfastglobal,2025-02-09,This is a sample caption for post 1067,carousel,4,9707,120,15769,10215,42,6,35,18139,"['#electricvehicle', '#greenfuture']",2,#electricvehicle #greenfuture,,{},-0.78,Instagram,2025-04-25 07:44:23.990203
POST_1068,vinfastglobal,2025-02-09,This is a sample caption for post 1068,image,6,3998,311,21718,11013,72,31,16,28615,['#mobility'],1,#mobility,,{},-0.05,TikTok,2025-04-25 07:44:23.990215
POST_1069,vinfastglobal,2025-02-09,This is a sample caption for post 1069,video,9,3729,494,40811,21201,173,271,38,48315,['#vinfast'],1,#vinfast,@vf9,{},-0.15,Instagram,2025-04-25 07:44:23.990228
POST_1070,vinfast.official,2025-02-10,This is a sample caption for post 1070,image,2,5377,321,10221,5412,75,285,91,15548,"['#electricvehicle', '#mobility', '#greenfuture', '#ev']",4,#electricvehicle #mobility #greenfuture #ev,@evcommunity @vf9,{},-0.8,Instagram,2025-04-25 07:44:23.990242
POST_1071,vinfastglobal,2025-02-10,This is a sample caption for post 1071,video,8,3843,221,22712,19812,107,217,93,24269,"['#car', '#greenfuture', '#electricvehicle']",3,#car #greenfuture #electricvehicle,@vinfast,{},0.37,TikTok,2025-04-25 07:44:23.990256
POST_1072,vinfastglobal,2025-02-10,This is a sample caption for post 1072,image,2,1627,231,6828,5701,100,71,71,7810,"['#mobility', '#vinfast', '#car']",3,#mobility #vinfast #car,@evcommunity,{},0.88,TikTok,2025-04-25 07:44:23.990269
POST_1073,vinfastglobal,2025-02-10,This is a sample caption for post 1073,video,10,5219,190,7289,5540,59,84,84,15189,"['#vinfast', '#greenfuture']",2,#vinfast #greenfuture,@vf9 @vinfast,{},0.53,Instagram,2025-04-25 07:44:23.990283
POST_1074,vinfast.official,2025-02-10,This is a sample caption for post 1074,carousel,10,9221,23,40411,37100,182,141,3,43366,"['#mobility', '#greenfuture', '#electricvehicle']",3,#mobility #greenfuture #electricvehicle,@vinfast,{},-0.64,Instagram,2025-04-25 07:44:23.990297
POST_1075,vinfast.official,2025-02-10,This is a sample caption for post 1075,image,3,602,56,49397,36490,101,219,58,54982,"['#greenfuture', '#mobility']",2,#greenfuture #mobility,@vf9 @vinfast,{},0.77,Instagram,2025-04-25 07:44:23.990310
POST_1076,vinfastglobal,2025-02-10,This is a sample caption for post 1076,carousel,1,1436,149,29539,23568,129,231,53,34014,"['#electricvehicle', '#vinfast']",2,#electricvehicle #vinfast,@vf9,{},-0.78,TikTok,2025-04-25 07:44:23.990323
POST_1077,vinfast.official,2025-02-10,This is a sample caption for post 1077,image,4,6575,316,4090,2059,82,113,98,6338,"['#greenfuture', '#mobility', '#vinfast']",3,#greenfuture #mobility #vinfast,,{},-0.01,TikTok,2025-04-25 07:44:23.990336
POST_1078,vinfastglobal,2025-02-11,This is a sample caption for post 1078,video,9,3870,266,37116,32476,95,41,50,37809,"['#vinfast', '#car', '#mobility', '#ev']",4,#vinfast #car #mobility #ev,@vf9 @evcommunity,{},0.42,TikTok,2025-04-25 07:44:23.990359
POST_1079,vinfast.official,2025-02-11,This is a sample caption for post 1079,image,7,441,176,11763,10123,163,240,88,17691,['#car'],1,#car,,{},-0.51,TikTok,2025-04-25 07:44:23.990375
POST_1080,vinfastglobal,2025-02-11,This is a sample caption for post 1080,video,5,5662,123,22327,18991,24,266,81,24195,"['#greenfuture', '#mobility']",2,#greenfuture #mobility,@evcommunity @vinfast,{},-0.53,Instagram,2025-04-25 07:44:23.990388
POST_1081,vinfast.official,2025-02-11,This is a sample caption for post 1081,image,3,9969,88,43459,23203,165,257,59,52695,"['#mobility', '#electricvehicle', '#greenfuture', '#car']",4,#mobility #electricvehicle #greenfuture #car,@vinfast,{},-0.12,TikTok,2025-04-25 07:44:23.990403
POST_1082,vinfast.official,2025-02-11,This is a sample caption for post 1082,carousel,5,4600,312,4181,2752,23,163,59,11585,['#vinfast'],1,#vinfast,@vf9,{},-0.85,Instagram,2025-04-25 07:44:23.990416
POST_1083,vinfast.official,2025-02-11,This is a sample caption for post 1083,video,10,9181,498,48925,44186,120,297,83,52009,"['#electricvehicle', '#car', '#ev']",3,#electricvehicle #car #ev,,{},-0.1,TikTok,2025-04-25 07:44:23.990439
POST_1084,vinfastglobal,2025-02-12,This is a sample caption for post 1084,carousel,3,741,136,46874,32670,117,273,66,56865,"['#greenfuture', '#mobility']",2,#greenfuture #mobility,@vf9,{},-0.18,TikTok,2025-04-25 07:44:23.990454
POST_1085,vinfastglobal,2025-02-12,This is a sample caption for post 1085,carousel,6,1179,178,6693,5027,103,150,32,16567,"['#greenfuture', '#vinfast']",2,#greenfuture #vinfast,@evcommunity @vinfast,{},0.83,TikTok,2025-04-25 07:44:23.990467
POST_1086,vinfast.official,2025-02-12,This is a sample caption for post 1086,image,10,1488,168,37129,24858,89,70,85,45753,['#mobility'],1,#mobility,@vf9 @evcommunity,{},-0.96,TikTok,2025-04-25 07:44:23.990481
POST_1087,vinfastglobal,2025-02-12,This is a sample caption for post 1087,image,6,8067,108,15346,14578,44,44,37,17003,['#mobility'],1,#mobility,@evcommunity,{},-0.74,TikTok,2025-04-25 07:44:23.990495
POST_1088,vinfastglobal,2025-02-12,This is a sample caption for post 1088,image,3,2812,379,29183,15165,98,126,56,33851,"['#ev', '#electricvehicle', '#mobility', '#car']",4,#ev #electricvehicle #mobility #car,@vinfast,{},-0.26,TikTok,2025-04-25 07:44:23.990509
POST_1089,vinfast.official,2025-02-12,This is a sample caption for post 1089,video,7,8339,280,27937,26116,56,75,32,28791,"['#greenfuture', '#electricvehicle', '#vinfast', '#mobility']",4,#greenfuture #electricvehicle #vinfast #mobility,@vinfast @vf9,{},-0.83,Instagram,2025-04-25 07:44:23.990524
POST_1090,vinfast.official,2025-02-12,This is a sample caption for post 1090,video,9,2514,435,29170,15788,61,235,44,29606,"['#vinfast', '#car', '#greenfuture', '#mobility']",4,#vinfast #car #greenfuture #mobility,@vinfast,{},-0.25,Instagram,2025-04-25 07:44:23.990538
POST_1091,vinfast.official,2025-02-12,This is a sample caption for post 1091,image,6,2492,80,3010,1893,125,76,97,10695,"['#electricvehicle', '#vinfast', '#mobility', '#car']",4,#electricvehicle #vinfast #mobility #car,@vinfast,{},0.67,TikTok,2025-04-25 07:44:23.990552
POST_1092,vinfastglobal,2025-02-12,This is a sample caption for post 1092,video,4,5034,72,3629,2203,168,239,8,5445,"['#electricvehicle', '#mobility', '#vinfast', '#greenfuture']",4,#electricvehicle #mobility #vinfast #greenfuture,@evcommunity @vinfast,{},0.44,TikTok,2025-04-25 07:44:23.990567
POST_1093,vinfast.official,2025-02-12,This is a sample caption for post 1093,image,10,5880,133,37899,26053,175,48,67,43807,['#electricvehicle'],1,#electricvehicle,@evcommunity @vinfast,{},-0.22,TikTok,2025-04-25 07:44:23.990580
POST_1094,vinfast.official,2025-02-13,This is a sample caption for post 1094,video,5,366,192,4927,3227,192,58,98,14460,"['#ev', '#vinfast', '#greenfuture']",3,#ev #vinfast #greenfuture,@vf9 @vinfast,{},0.66,TikTok,2025-04-25 07:44:23.990595
POST_1095,vinfast.official,2025-02-13,This is a sample caption for post 1095,carousel,3,2309,42,47426,40278,122,23,37,50728,['#ev'],1,#ev,,{},-0.37,TikTok,2025-04-25 07:44:23.990607
POST_1096,vinfast.official,2025-02-13,This is a sample caption for post 1096,carousel,8,4250,28,49867,39450,78,187,99,50650,"['#greenfuture', '#vinfast', '#mobility']",3,#greenfuture #vinfast #mobility,@vf9,{},0.49,TikTok,2025-04-25 07:44:23.990621
POST_1097,vinfast.official,2025-02-13,This is a sample caption for post 1097,image,8,8251,198,34531,21410,26,222,10,41586,"['#electricvehicle', '#greenfuture']",2,#electricvehicle #greenfuture,@vinfast,{},-0.84,TikTok,2025-04-25 07:44:23.990645
POST_1098,vinfast.official,2025-02-13,This is a sample caption for post 1098,video,10,7081,95,45704,31981,119,26,93,51480,"['#greenfuture', '#vinfast', '#electricvehicle', '#mobility']",4,#greenfuture #vinfast #electricvehicle #mobility,@vf9 @evcommunity,{},0.03,Instagram,2025-04-25 07:44:23.990660
POST_1099,vinfastglobal,2025-02-14,This is a sample caption for post 1099,carousel,8,670,74,4906,2974,170,192,46,11178,['#electricvehicle'],1,#electricvehicle,,{},0.36,TikTok,2025-04-25 07:44:23.990674
POST_1100,vinfast.official,2025-02-14,This is a sample caption for post 1100,video,2,9503,80,35198,23411,85,147,31,37056,['#mobility'],1,#mobility,,{},-0.0,TikTok,2025-04-25 07:44:23.990687
POST_1101,vinfastglobal,2025-02-14,This is a sample caption for post 1101,video,5,7411,119,40599,25516,130,107,15,42822,['#car'],1,#car,,{},0.8,TikTok,2025-04-25 07:44:23.990699
POST_1102,vinfastglobal,2025-02-14,This is a sample caption for post 1102,carousel,6,5792,373,4755,3554,79,158,20,7607,"['#electricvehicle', '#ev', '#vinfast']",3,#electricvehicle #ev #vinfast,,{},0.58,Instagram,2025-04-25 07:44:23.990713
POST_1103,vinfast.official,2025-02-14,This is a sample caption for post 1103,image,6,9177,303,24676,17528,146,71,78,26088,['#greenfuture'],1,#greenfuture,@evcommunity,{},0.44,TikTok,2025-04-25 07:44:23.990726
POST_1104,vinfastglobal,2025-02-15,This is a sample caption for post 1104,image,6,1315,240,31028,25010,93,70,99,40060,"['#ev', '#car']",2,#ev #car,@vinfast @evcommunity,{},0.04,TikTok,2025-04-25 07:44:23.990741
POST_1105,vinfastglobal,2025-02-15,This is a sample caption for post 1105,image,6,3794,187,34506,31149,25,133,25,43530,"['#ev', '#greenfuture', '#vinfast']",3,#ev #greenfuture #vinfast,@evcommunity @vinfast,{},0.18,Instagram,2025-04-25 07:44:23.990755
POST_1106,vinfastglobal,2025-02-15,This is a sample caption for post 1106,carousel,10,5631,441,37437,19412,12,46,5,46886,"['#mobility', '#ev', '#car']",3,#mobility #ev #car,@evcommunity @vinfast,{},-0.0,TikTok,2025-04-25 07:44:23.990770
POST_1107,vinfast.official,2025-02-15,This is a sample caption for post 1107,video,4,6753,162,30223,16103,20,85,56,37032,"['#car', '#ev', '#greenfuture', '#mobility']",4,#car #ev #greenfuture #mobility,,{},-0.37,TikTok,2025-04-25 07:44:23.990783
POST_1108,vinfast.official,2025-02-15,This is a sample caption for post 1108,video,3,6170,273,37308,20436,66,243,15,41690,"['#ev', '#mobility', '#vinfast', '#car']",4,#ev #mobility #vinfast #car,@vf9,{},0.73,TikTok,2025-04-25 07:44:23.990797
POST_1109,vinfastglobal,2025-02-15,This is a sample caption for post 1109,image,6,9564,379,20994,12290,45,260,65,28642,"['#greenfuture', '#car', '#vinfast', '#electricvehicle']",4,#greenfuture #car #vinfast #electricvehicle,@evcommunity,{},-0.09,Instagram,2025-04-25 07:44:23.990814
POST_1110,vinfastglobal,2025-02-15,This is a sample caption for post 1110,carousel,6,897,35,18938,13686,172,245,36,27731,['#vinfast'],1,#vinfast,@vinfast,{},0.76,TikTok,2025-04-25 07:44:23.990836
POST_1111,vinfast.official,2025-02-15,This is a sample caption for post 1111,video,1,6663,36,37873,28511,97,288,36,39077,"['#electricvehicle', '#car', '#greenfuture', '#mobility']",4,#electricvehicle #car #greenfuture #mobility,@evcommunity @vinfast,{},-0.74,Instagram,2025-04-25 07:44:23.990859
POST_1112,vinfast.official,2025-02-16,This is a sample caption for post 1112,video,9,6090,396,9954,5868,135,210,64,10613,['#vinfast'],1,#vinfast,,{},0.43,TikTok,2025-04-25 07:44:23.990872
POST_1113,vinfast.official,2025-02-16,This is a sample caption for post 1113,image,10,8546,81,21993,20214,86,88,50,26895,"['#electricvehicle', '#mobility', '#car']",3,#electricvehicle #mobility #car,@evcommunity @vf9,{},-0.05,Instagram,2025-04-25 07:44:23.990886
POST_1114,vinfast.official,2025-02-16,This is a sample caption for post 1114,video,2,6924,308,20663,17740,190,18,76,28438,"['#mobility', '#electricvehicle', '#ev']",3,#mobility #electricvehicle #ev,@vinfast @vf9,{},-0.66,TikTok,2025-04-25 07:44:23.990901
POST_1115,vinfastglobal,2025-02-16,This is a sample caption for post 1115,carousel,4,617,303,46409,25499,9,230,40,53270,"['#car', '#ev']",2,#car #ev,@evcommunity,{},0.55,TikTok,2025-04-25 07:44:23.990916
POST_1116,vinfastglobal,2025-02-16,This is a sample caption for post 1116,carousel,3,8598,116,37258,24078,174,249,67,43431,"['#ev', '#car', '#greenfuture']",3,#ev #car #greenfuture,@vf9 @evcommunity,{},0.22,Instagram,2025-04-25 07:44:23.990930
POST_1117,vinfastglobal,2025-02-16,This is a sample caption for post 1117,video,9,4990,125,20004,16943,185,111,88,28015,"['#car', '#greenfuture', '#electricvehicle']",3,#car #greenfuture #electricvehicle,@vinfast,{},0.15,TikTok,2025-04-25 07:44:23.990943
POST_1118,vinfast.official,2025-02-16,This is a sample caption for post 1118,video,3,4858,31,19350,17993,25,182,56,23551,"['#ev', '#mobility', '#greenfuture', '#car']",4,#ev #mobility #greenfuture #car,@vf9 @vinfast,{},-0.78,Instagram,2025-04-25 07:44:23.990957
POST_1119,vinfastglobal,2025-02-16,This is a sample caption for post 1119,image,9,3797,336,15759,8251,110,174,91,23498,['#mobility'],1,#mobility,,{},-0.99,Instagram,2025-04-25 07:44:23.990970
POST_1120,vinfast.official,2025-02-17,This is a sample caption for post 1120,video,4,4806,174,19204,15183,27,298,29,27971,['#ev'],1,#ev,@vinfast,{},0.87,Instagram,2025-04-25 07:44:23.990985
POST_1121,vinfast.official,2025-02-17,This is a sample caption for post 1121,video,3,4842,458,2955,1489,150,59,42,7617,"['#mobility', '#electricvehicle', '#car', '#vinfast']",4,#mobility #electricvehicle #car #vinfast,@vf9 @evcommunity,{},-0.61,Instagram,2025-04-25 07:44:23.990999
POST_1122,vinfast.official,2025-02-17,This is a sample caption for post 1122,image,8,4315,377,12702,6431,91,156,72,15866,"['#electricvehicle', '#car']",2,#electricvehicle #car,@evcommunity,{},-0.34,TikTok,2025-04-25 07:44:23.991012
POST_1123,vinfastglobal,2025-02-17,This is a sample caption for post 1123,image,3,7922,175,16756,8429,103,125,57,21130,"['#greenfuture', '#electricvehicle', '#vinfast']",3,#greenfuture #electricvehicle #vinfast,@evcommunity,{},-0.28,Instagram,2025-04-25 07:44:23.991026
POST_1124,vinfastglobal,2025-02-17,This is a sample caption for post 1124,carousel,2,7725,167,10967,7484,133,164,88,12890,"['#greenfuture', '#electricvehicle', '#ev']",3,#greenfuture #electricvehicle #ev,,{},0.91,TikTok,2025-04-25 07:44:23.991039
POST_1125,vinfastglobal,2025-02-17,This is a sample caption for post 1125,video,10,6221,222,46502,34744,125,280,85,50080,"['#mobility', '#electricvehicle']",2,#mobility #electricvehicle,,{},0.05,TikTok,2025-04-25 07:44:23.991053
POST_1126,vinfastglobal,2025-02-17,This is a sample caption for post 1126,carousel,2,1111,434,36390,32980,56,298,68,38845,"['#greenfuture', '#electricvehicle']",2,#greenfuture #electricvehicle,@vinfast,{},0.36,TikTok,2025-04-25 07:44:23.991066
POST_1127,vinfastglobal,2025-02-17,This is a sample caption for post 1127,carousel,8,1011,242,9147,6686,121,293,7,18302,"['#mobility', '#greenfuture', '#vinfast', '#ev']",4,#mobility #greenfuture #vinfast #ev,@vinfast,{},0.49,Instagram,2025-04-25 07:44:23.991095
POST_1128,vinfast.official,2025-02-18,This is a sample caption for post 1128,video,2,8966,40,5023,4740,125,21,36,11721,"['#ev', '#car']",2,#ev #car,@vf9,{},-0.1,TikTok,2025-04-25 07:44:23.991110
POST_1129,vinfast.official,2025-02-18,This is a sample caption for post 1129,image,9,2278,344,23291,12888,142,206,67,25377,"['#vinfast', '#mobility']",2,#vinfast #mobility,@vf9,{},0.35,TikTok,2025-04-25 07:44:23.991125
POST_1130,vinfast.official,2025-02-18,This is a sample caption for post 1130,image,4,7646,187,10666,6656,190,62,4,17534,['#ev'],1,#ev,,{},-0.87,Instagram,2025-04-25 07:44:23.991138
POST_1131,vinfast.official,2025-02-18,This is a sample caption for post 1131,carousel,1,4109,389,3399,2314,64,281,27,4323,"['#electricvehicle', '#greenfuture']",2,#electricvehicle #greenfuture,,{},0.63,TikTok,2025-04-25 07:44:23.991151
POST_1132,vinfast.official,2025-02-18,This is a sample caption for post 1132,image,5,2447,348,34660,20777,81,145,7,43781,"['#mobility', '#car']",2,#mobility #car,@vf9 @vinfast,{},0.94,TikTok,2025-04-25 07:44:23.991164
POST_1133,vinfast.official,2025-02-19,This is a sample caption for post 1133,carousel,7,6788,86,20153,13490,198,280,60,24101,"['#greenfuture', '#ev']",2,#greenfuture #ev,@vinfast,{},0.12,TikTok,2025-04-25 07:44:23.991179
POST_1134,vinfastglobal,2025-02-19,This is a sample caption for post 1134,video,4,4277,114,22144,17516,120,194,11,30919,"['#vinfast', '#greenfuture']",2,#vinfast #greenfuture,@evcommunity,{},0.21,Instagram,2025-04-25 07:44:23.991192
POST_1135,vinfastglobal,2025-02-19,This is a sample caption for post 1135,image,10,9256,121,31917,18958,90,160,1,35387,"['#mobility', '#vinfast']",2,#mobility #vinfast,@vf9 @vinfast,{},0.39,Instagram,2025-04-25 07:44:23.991206
POST_1136,vinfast.official,2025-02-19,This is a sample caption for post 1136,image,9,5369,407,19050,12788,141,188,39,23335,"['#electricvehicle', '#car', '#mobility']",3,#electricvehicle #car #mobility,,{},0.61,TikTok,2025-04-25 07:44:23.991219
POST_1137,vinfast.official,2025-02-19,This is a sample caption for post 1137,image,6,5226,221,3496,2632,61,79,2,7768,"['#greenfuture', '#ev', '#electricvehicle', '#car']",4,#greenfuture #ev #electricvehicle #car,,{},-0.24,Instagram,2025-04-25 07:44:23.991232
POST_1138,vinfast.official,2025-02-19,This is a sample caption for post 1138,carousel,6,4316,400,32522,30405,169,256,58,35278,"['#ev', '#mobility', '#car']",3,#ev #mobility #car,,{},0.83,Instagram,2025-04-25 07:44:23.991245
POST_1139,vinfastglobal,2025-02-19,This is a sample caption for post 1139,image,1,204,221,9510,8360,64,39,90,11984,['#ev'],1,#ev,@vf9 @evcommunity,{},-0.88,TikTok,2025-04-25 07:44:23.991258
POST_1140,vinfast.official,2025-02-19,This is a sample caption for post 1140,image,1,8819,292,27457,13874,140,145,68,32154,['#electricvehicle'],1,#electricvehicle,@evcommunity @vf9,{},0.61,Instagram,2025-04-25 07:44:23.991271
POST_1141,vinfastglobal,2025-02-19,This is a sample caption for post 1141,image,9,2539,133,13078,10186,69,186,34,19580,['#greenfuture'],1,#greenfuture,@vf9,{},0.13,Instagram,2025-04-25 07:44:23.991284
POST_1142,vinfastglobal,2025-02-20,This is a sample caption for post 1142,carousel,1,1631,217,25355,16980,126,33,81,25509,"['#vinfast', '#car']",2,#vinfast #car,@evcommunity,{},0.57,Instagram,2025-04-25 07:44:23.991298
POST_1143,vinfastglobal,2025-02-20,This is a sample caption for post 1143,image,4,9386,253,18266,9515,24,148,69,27498,['#ev'],1,#ev,@vinfast,{},0.92,Instagram,2025-04-25 07:44:23.991312
POST_1144,vinfast.official,2025-02-20,This is a sample caption for post 1144,image,5,2761,298,16259,12275,104,281,42,22547,"['#mobility', '#vinfast']",2,#mobility #vinfast,@evcommunity @vf9,{},-0.89,TikTok,2025-04-25 07:44:23.991327
POST_1145,vinfastglobal,2025-02-20,This is a sample caption for post 1145,image,6,9858,213,21889,11236,74,235,62,25626,"['#electricvehicle', '#car', '#mobility']",3,#electricvehicle #car #mobility,,{},0.36,TikTok,2025-04-25 07:44:23.991340
POST_1146,vinfastglobal,2025-02-20,This is a sample caption for post 1146,carousel,5,4137,375,5317,2854,44,199,91,7844,"['#greenfuture', '#mobility', '#vinfast', '#car']",4,#greenfuture #mobility #vinfast #car,,{},0.89,TikTok,2025-04-25 07:44:23.991353
POST_1147,vinfast.official,2025-02-20,This is a sample caption for post 1147,video,2,2270,54,12780,8868,147,289,65,19465,['#vinfast'],1,#vinfast,,{},-0.29,Instagram,2025-04-25 07:44:23.991365
POST_1148,vinfast.official,2025-02-20,This is a sample caption for post 1148,video,1,4881,221,25914,22043,190,291,31,35284,"['#mobility', '#car']",2,#mobility #car,,{},-0.72,TikTok,2025-04-25 07:44:23.991379
POST_1149,vinfast.official,2025-02-21,This is a sample caption for post 1149,image,2,2839,232,18585,12814,128,44,46,22708,"['#mobility', '#car']",2,#mobility #car,@evcommunity @vinfast,{},-0.08,Instagram,2025-04-25 07:44:23.991393
POST_1150,vinfast.official,2025-02-21,This is a sample caption for post 1150,image,7,5543,440,41144,27605,89,230,42,48199,"['#greenfuture', '#mobility']",2,#greenfuture #mobility,@evcommunity @vinfast,{},-0.04,Instagram,2025-04-25 07:44:23.991407
POST_1151,vinfast.official,2025-02-21,This is a sample caption for post 1151,video,5,8144,304,16387,10596,76,206,46,18252,"['#electricvehicle', '#mobility']",2,#electricvehicle #mobility,,{},0.36,Instagram,2025-04-25 07:44:23.991429
POST_1152,vinfast.official,2025-02-21,This is a sample caption for post 1152,carousel,4,7283,418,19592,17124,22,214,86,27772,"['#mobility', '#greenfuture']",2,#mobility #greenfuture,,{},-0.49,Instagram,2025-04-25 07:44:23.991457
POST_1153,vinfast.official,2025-02-21,This is a sample caption for post 1153,video,2,7457,316,31907,24313,141,264,88,38760,['#greenfuture'],1,#greenfuture,@evcommunity @vinfast,{},-0.78,Instagram,2025-04-25 07:44:23.991470
POST_1154,vinfast.official,2025-02-21,This is a sample caption for post 1154,image,10,825,298,42772,34425,107,174,55,44507,['#vinfast'],1,#vinfast,@vinfast,{},0.02,Instagram,2025-04-25 07:44:23.991484
POST_1155,vinfast.official,2025-02-21,This is a sample caption for post 1155,video,7,7686,405,45035,34445,133,82,44,45437,"['#vinfast', '#greenfuture', '#car', '#mobility']",4,#vinfast #greenfuture #car #mobility,,{},0.66,Instagram,2025-04-25 07:44:23.991509
POST_1156,vinfast.official,2025-02-22,This is a sample caption for post 1156,video,8,3489,276,32149,21113,29,229,92,39561,"['#vinfast', '#greenfuture', '#mobility']",3,#vinfast #greenfuture #mobility,@vinfast @evcommunity,{},0.7,Instagram,2025-04-25 07:44:23.991527
POST_1157,vinfastglobal,2025-02-22,This is a sample caption for post 1157,carousel,4,8554,99,36669,20976,148,223,59,40467,"['#mobility', '#ev', '#electricvehicle', '#greenfuture']",4,#mobility #ev #electricvehicle #greenfuture,@vf9 @evcommunity,{},-0.94,Instagram,2025-04-25 07:44:23.991541
POST_1158,vinfast.official,2025-02-22,This is a sample caption for post 1158,carousel,7,6470,12,46685,27854,76,37,73,48352,"['#greenfuture', '#mobility']",2,#greenfuture #mobility,,{},-0.08,TikTok,2025-04-25 07:44:23.991554
POST_1159,vinfast.official,2025-02-22,This is a sample caption for post 1159,carousel,6,9880,208,40562,27446,34,183,45,48063,"['#mobility', '#greenfuture']",2,#mobility #greenfuture,@evcommunity @vinfast,{},0.34,TikTok,2025-04-25 07:44:23.991578
POST_1160,vinfastglobal,2025-02-22,This is a sample caption for post 1160,image,5,2016,103,24964,20271,135,203,53,34735,"['#electricvehicle', '#car']",2,#electricvehicle #car,@vinfast,{},-0.03,Instagram,2025-04-25 07:44:23.991599
POST_1161,vinfastglobal,2025-02-22,This is a sample caption for post 1161,video,5,2398,105,21116,18558,163,32,45,21273,"['#ev', '#mobility', '#car', '#greenfuture']",4,#ev #mobility #car #greenfuture,@evcommunity @vf9,{},-0.18,TikTok,2025-04-25 07:44:23.991613
POST_1162,vinfast.official,2025-02-22,This is a sample caption for post 1162,carousel,8,8106,95,5917,4463,199,117,37,6452,"['#ev', '#electricvehicle', '#greenfuture']",3,#ev #electricvehicle #greenfuture,,{},0.56,TikTok,2025-04-25 07:44:23.991626
POST_1163,vinfastglobal,2025-02-23,This is a sample caption for post 1163,carousel,2,4489,406,36093,31418,98,282,96,36774,"['#electricvehicle', '#ev', '#car', '#vinfast']",4,#electricvehicle #ev #car #vinfast,@evcommunity @vinfast,{},-0.4,Instagram,2025-04-25 07:44:23.991643
POST_1164,vinfast.official,2025-02-23,This is a sample caption for post 1164,video,6,1525,234,8193,6956,65,112,94,17825,"['#mobility', '#electricvehicle', '#car']",3,#mobility #electricvehicle #car,,{},0.23,Instagram,2025-04-25 07:44:23.991656
POST_1165,vinfastglobal,2025-02-23,This is a sample caption for post 1165,image,10,5847,282,18921,14542,48,170,90,23715,"['#electricvehicle', '#greenfuture', '#vinfast']",3,#electricvehicle #greenfuture #vinfast,,{},0.93,TikTok,2025-04-25 07:44:23.991669
POST_1166,vinfastglobal,2025-02-23,This is a sample caption for post 1166,video,3,2274,137,10084,8270,68,206,62,12413,"['#mobility', '#car', '#electricvehicle']",3,#mobility #car #electricvehicle,@vinfast,{},0.27,Instagram,2025-04-25 07:44:23.991683
POST_1167,vinfast.official,2025-02-23,This is a sample caption for post 1167,carousel,5,6146,242,32484,21026,5,52,93,39995,"['#vinfast', '#electricvehicle', '#car']",3,#vinfast #electricvehicle #car,,{},0.94,Instagram,2025-04-25 07:44:23.991697
POST_1168,vinfast.official,2025-02-23,This is a sample caption for post 1168,video,6,4746,182,36368,27642,149,253,100,41999,['#vinfast'],1,#vinfast,,{},0.25,TikTok,2025-04-25 07:44:23.991709
POST_1169,vinfastglobal,2025-02-23,This is a sample caption for post 1169,image,3,7330,243,544,514,114,108,88,2705,"['#ev', '#greenfuture', '#vinfast']",3,#ev #greenfuture #vinfast,@vf9 @evcommunity,{},-0.84,Instagram,2025-04-25 07:44:23.991724
POST_1170,vinfastglobal,2025-02-23,This is a sample caption for post 1170,video,5,3936,229,43457,23511,29,5,27,51269,['#ev'],1,#ev,@vinfast @vf9,{},-0.98,TikTok,2025-04-25 07:44:23.991737
POST_1171,vinfastglobal,2025-02-23,This is a sample caption for post 1171,video,3,7926,46,15504,10424,192,57,13,20637,"['#greenfuture', '#ev', '#car']",3,#greenfuture #ev #car,,{},0.28,Instagram,2025-04-25 07:44:23.991751
POST_1172,vinfastglobal,2025-02-24,This is a sample caption for post 1172,carousel,3,7310,189,47845,28509,196,82,52,55093,"['#vinfast', '#mobility']",2,#vinfast #mobility,,{},0.5,TikTok,2025-04-25 07:44:23.991765
POST_1173,vinfast.official,2025-02-24,This is a sample caption for post 1173,video,6,2390,136,18651,14735,68,288,76,28481,"['#mobility', '#vinfast', '#greenfuture']",3,#mobility #vinfast #greenfuture,,{},0.04,Instagram,2025-04-25 07:44:23.991779
POST_1174,vinfast.official,2025-02-24,This is a sample caption for post 1174,video,1,4021,263,25789,14202,132,41,67,25986,"['#greenfuture', '#ev', '#car']",3,#greenfuture #ev #car,@vf9 @evcommunity,{},0.09,Instagram,2025-04-25 07:44:23.991793
POST_1175,vinfast.official,2025-02-24,This is a sample caption for post 1175,image,1,9723,44,1403,867,15,35,50,9703,"['#mobility', '#electricvehicle', '#car']",3,#mobility #electricvehicle #car,@evcommunity,{},-0.2,Instagram,2025-04-25 07:44:23.991809
POST_1176,vinfast.official,2025-02-24,This is a sample caption for post 1176,image,5,1394,271,13816,12965,44,279,41,20217,['#greenfuture'],1,#greenfuture,@vf9 @vinfast,{},-0.88,Instagram,2025-04-25 07:44:23.991823
POST_1177,vinfastglobal,2025-02-25,This is a sample caption for post 1177,video,10,1001,168,44152,36812,194,94,15,44359,"['#mobility', '#vinfast']",2,#mobility #vinfast,,{},-0.01,TikTok,2025-04-25 07:44:23.991836
POST_1178,vinfast.official,2025-02-25,This is a sample caption for post 1178,image,6,2179,393,18113,15030,35,20,42,25147,"['#electricvehicle', '#vinfast', '#greenfuture']",3,#electricvehicle #vinfast #greenfuture,@evcommunity @vinfast,{},-0.01,TikTok,2025-04-25 07:44:23.991851
POST_1179,vinfastglobal,2025-02-25,This is a sample caption for post 1179,video,10,2834,198,10809,6645,31,298,86,12698,"['#mobility', '#electricvehicle']",2,#mobility #electricvehicle,,{},-0.91,Instagram,2025-04-25 07:44:23.991864
POST_1180,vinfastglobal,2025-02-25,This is a sample caption for post 1180,image,8,6063,206,10335,5999,14,288,91,17205,"['#greenfuture', '#ev']",2,#greenfuture #ev,@evcommunity,{},-0.36,Instagram,2025-04-25 07:44:23.991877
POST_1181,vinfast.official,2025-02-25,This is a sample caption for post 1181,image,9,962,101,15126,13037,16,210,8,22746,"['#greenfuture', '#mobility', '#vinfast']",3,#greenfuture #mobility #vinfast,@vf9 @vinfast,{},-0.26,TikTok,2025-04-25 07:44:23.991893
POST_1182,vinfast.official,2025-02-25,This is a sample caption for post 1182,carousel,10,4074,247,24635,18876,131,105,93,33589,"['#ev', '#vinfast']",2,#ev #vinfast,@vinfast,{},-0.53,TikTok,2025-04-25 07:44:23.991917
POST_1183,vinfastglobal,2025-02-25,This is a sample caption for post 1183,video,1,6264,444,48870,40427,31,110,67,52772,"['#car', '#vinfast', '#ev', '#greenfuture']",4,#car #vinfast #ev #greenfuture,@vinfast,{},-0.91,Instagram,2025-04-25 07:44:23.991943
POST_1184,vinfast.official,2025-02-25,This is a sample caption for post 1184,carousel,6,7611,392,6064,4616,134,73,81,12525,['#electricvehicle'],1,#electricvehicle,@vinfast @vf9,{},0.32,Instagram,2025-04-25 07:44:23.991956
POST_1185,vinfast.official,2025-02-26,This is a sample caption for post 1185,video,6,6538,368,48692,31494,120,144,29,49915,"['#ev', '#electricvehicle']",2,#ev #electricvehicle,,{},-0.69,Instagram,2025-04-25 07:44:23.991970
POST_1186,vinfast.official,2025-02-26,This is a sample caption for post 1186,video,6,6760,71,35622,23554,58,236,39,43213,"['#vinfast', '#mobility', '#ev']",3,#vinfast #mobility #ev,@vf9 @vinfast,{},-0.57,TikTok,2025-04-25 07:44:23.991984
POST_1187,vinfastglobal,2025-02-26,This is a sample caption for post 1187,image,4,5928,212,34150,17827,81,138,22,34659,"['#car', '#electricvehicle', '#ev', '#vinfast']",4,#car #electricvehicle #ev #vinfast,@vinfast,{},0.61,Instagram,2025-04-25 07:44:23.991998
POST_1188,vinfastglobal,2025-02-26,This is a sample caption for post 1188,image,1,3741,76,13484,11739,100,48,74,23086,"['#vinfast', '#mobility', '#electricvehicle']",3,#vinfast #mobility #electricvehicle,,{},0.8,TikTok,2025-04-25 07:44:23.992010
POST_1189,vinfastglobal,2025-02-26,This is a sample caption for post 1189,image,6,2107,31,30711,16055,151,226,92,37182,"['#vinfast', '#car', '#electricvehicle', '#mobility']",4,#vinfast #car #electricvehicle #mobility,@vinfast,{},0.82,TikTok,2025-04-25 07:44:23.992024
POST_1190,vinfast.official,2025-02-26,This is a sample caption for post 1190,video,3,667,324,41078,31943,170,156,63,47828,"['#vinfast', '#mobility', '#greenfuture', '#ev']",4,#vinfast #mobility #greenfuture #ev,,{},-0.16,Instagram,2025-04-25 07:44:23.992038
POST_1191,vinfastglobal,2025-02-27,This is a sample caption for post 1191,video,6,7959,288,32263,21126,149,262,41,38626,"['#ev', '#vinfast', '#greenfuture']",3,#ev #vinfast #greenfuture,@vinfast @evcommunity,{},0.79,TikTok,2025-04-25 07:44:23.992053
POST_1192,vinfastglobal,2025-02-27,This is a sample caption for post 1192,video,9,5956,402,38772,36826,45,56,31,42723,"['#electricvehicle', '#vinfast', '#ev']",3,#electricvehicle #vinfast #ev,@vf9 @evcommunity,{},0.87,Instagram,2025-04-25 07:44:23.992067
POST_1193,vinfastglobal,2025-02-27,This is a sample caption for post 1193,image,10,5310,422,48872,39778,156,19,90,54633,"['#electricvehicle', '#ev']",2,#electricvehicle #ev,@evcommunity,{},-0.38,TikTok,2025-04-25 07:44:23.992080
POST_1194,vinfastglobal,2025-02-27,This is a sample caption for post 1194,image,1,3911,318,14839,7552,127,5,42,18139,"['#greenfuture', '#ev']",2,#greenfuture #ev,@vinfast,{},-0.96,Instagram,2025-04-25 07:44:23.992093
POST_1195,vinfastglobal,2025-02-27,This is a sample caption for post 1195,carousel,6,1288,201,46672,43118,106,56,43,51616,"['#ev', '#mobility', '#car']",3,#ev #mobility #car,@vf9 @evcommunity,{},-0.65,TikTok,2025-04-25 07:44:23.992109
POST_1196,vinfastglobal,2025-02-27,This is a sample caption for post 1196,carousel,10,2972,203,20607,17109,80,70,22,20636,"['#electricvehicle', '#vinfast', '#ev', '#greenfuture']",4,#electricvehicle #vinfast #ev #greenfuture,@evcommunity,{},-0.56,Instagram,2025-04-25 07:44:23.992123
POST_1197,vinfast.official,2025-02-27,This is a sample caption for post 1197,image,6,1374,131,23228,21882,47,50,90,28728,"['#vinfast', '#greenfuture', '#ev', '#mobility']",4,#vinfast #greenfuture #ev #mobility,@vinfast @vf9,{},-0.49,Instagram,2025-04-25 07:44:23.992140
POST_1198,vinfastglobal,2025-02-27,This is a sample caption for post 1198,image,7,7279,385,28002,26212,110,257,48,33756,"['#vinfast', '#car', '#ev', '#mobility']",4,#vinfast #car #ev #mobility,@vinfast,{},0.6,Instagram,2025-04-25 07:44:23.992164
POST_1199,vinfast.official,2025-02-27,This is a sample caption for post 1199,image,6,4378,497,7363,3927,48,197,20,8591,['#greenfuture'],1,#greenfuture,@evcommunity @vf9,{},0.41,TikTok,2025-04-25 07:44:23.992177
POST_1200,vinfastglobal,2025-02-27,This is a sample caption for post 1200,carousel,7,2673,37,7136,4631,53,214,89,16214,"['#mobility', '#greenfuture', '#electricvehicle']",3,#mobility #greenfuture #electricvehicle,,{},-0.81,TikTok,2025-04-25 07:44:23.992190
POST_1201,vinfast.official,2025-02-28,This is a sample caption for post 1201,image,1,6011,11,28523,15386,174,250,25,30112,['#ev'],1,#ev,,{},0.28,Instagram,2025-04-25 07:44:23.992204
POST_1202,vinfast.official,2025-02-28,This is a sample caption for post 1202,image,5,6612,251,32553,29385,72,51,82,41467,"['#ev', '#greenfuture', '#car', '#mobility']",4,#ev #greenfuture #car #mobility,,{},-0.11,TikTok,2025-04-25 07:44:23.992216
POST_1203,vinfast.official,2025-02-28,This is a sample caption for post 1203,video,5,3806,438,18100,13645,43,54,10,23732,"['#electricvehicle', '#ev', '#vinfast', '#mobility']",4,#electricvehicle #ev #vinfast #mobility,@vf9 @evcommunity,{},0.15,Instagram,2025-04-25 07:44:23.992231
POST_1204,vinfast.official,2025-02-28,This is a sample caption for post 1204,video,2,6568,472,47312,24395,151,269,73,49727,['#car'],1,#car,,{},0.9,Instagram,2025-04-25 07:44:23.992244
POST_1205,vinfastglobal,2025-02-28,This is a sample caption for post 1205,image,3,799,226,5635,5323,116,108,80,8057,"['#greenfuture', '#vinfast', '#electricvehicle']",3,#greenfuture #vinfast #electricvehicle,@evcommunity,{},-0.21,TikTok,2025-04-25 07:44:23.992257
POST_1206,vinfast.official,2025-02-28,This is a sample caption for post 1206,carousel,8,302,412,46402,36211,138,219,14,53192,"['#ev', '#electricvehicle']",2,#ev #electricvehicle,@evcommunity @vinfast,{},0.85,Instagram,2025-04-25 07:44:23.992280
POST_1207,vinfast.official,2025-02-28,This is a sample caption for post 1207,carousel,6,6832,145,25603,20345,151,247,4,28424,"['#car', '#ev', '#mobility']",3,#car #ev #mobility,,{},-0.21,TikTok,2025-04-25 07:44:23.992295
POST_1208,vinfastglobal,2025-02-28,This is a sample caption for post 1208,image,8,4500,469,24908,12680,82,164,35,32962,['#ev'],1,#ev,,{},-0.4,TikTok,2025-04-25 07:44:23.992307
POST_1209,vinfast.official,2025-02-28,This is a sample caption for post 1209,video,7,1562,106,29448,17525,109,253,97,37910,"['#vinfast', '#electricvehicle', '#ev']",3,#vinfast #electricvehicle #ev,,{},-0.38,TikTok,2025-04-25 07:44:23.992322
POST_1210,vinfastglobal,2025-03-01,This is a sample caption for post 1210,image,4,3388,438,4276,2618,121,30,46,7538,"['#greenfuture', '#car', '#electricvehicle']",3,#greenfuture #car #electricvehicle,@vinfast @evcommunity,{},-0.52,TikTok,2025-04-25 07:44:23.992338
POST_1211,vinfast.official,2025-03-01,This is a sample caption for post 1211,image,8,9715,292,23421,15338,71,51,36,23870,"['#vinfast', '#ev', '#electricvehicle', '#mobility']",4,#vinfast #ev #electricvehicle #mobility,@vinfast @evcommunity,{},-0.46,TikTok,2025-04-25 07:44:23.992354
POST_1212,vinfastglobal,2025-03-01,This is a sample caption for post 1212,carousel,1,7867,476,9171,7257,158,9,28,13306,"['#mobility', '#greenfuture', '#car']",3,#mobility #greenfuture #car,@vf9,{},-0.08,Instagram,2025-04-25 07:44:23.992368
POST_1213,vinfast.official,2025-03-01,This is a sample caption for post 1213,video,9,6606,309,7205,3626,174,196,71,16933,"['#greenfuture', '#vinfast', '#car']",3,#greenfuture #vinfast #car,,{},-0.33,TikTok,2025-04-25 07:44:23.992382
POST_1214,vinfast.official,2025-03-01,This is a sample caption for post 1214,video,5,4995,106,10325,7565,66,34,76,16945,"['#mobility', '#ev', '#vinfast']",3,#mobility #ev #vinfast,@vf9 @evcommunity,{},-0.48,TikTok,2025-04-25 07:44:23.992397
POST_1215,vinfast.official,2025-03-01,This is a sample caption for post 1215,video,1,9652,372,37989,32944,92,118,87,46748,"['#mobility', '#greenfuture', '#electricvehicle', '#vinfast']",4,#mobility #greenfuture #electricvehicle #vinfast,@evcommunity @vinfast,{},-0.41,TikTok,2025-04-25 07:44:23.992411
POST_1216,vinfast.official,2025-03-02,This is a sample caption for post 1216,carousel,9,3099,494,45045,40757,172,50,28,50865,"['#mobility', '#greenfuture']",2,#mobility #greenfuture,@vf9,{},-0.26,TikTok,2025-04-25 07:44:23.992427
POST_1217,vinfast.official,2025-03-02,This is a sample caption for post 1217,image,8,979,453,42075,32086,163,41,60,45262,['#mobility'],1,#mobility,@evcommunity,{},-0.4,Instagram,2025-04-25 07:44:23.992439
POST_1218,vinfastglobal,2025-03-02,This is a sample caption for post 1218,image,4,5714,219,37816,34101,122,78,40,40770,['#car'],1,#car,@evcommunity,{},0.97,TikTok,2025-04-25 07:44:23.992452
POST_1219,vinfastglobal,2025-03-02,This is a sample caption for post 1219,image,8,4581,117,11549,8769,45,255,100,12991,"['#electricvehicle', '#car']",2,#electricvehicle #car,@vf9 @evcommunity,{},-0.14,TikTok,2025-04-25 07:44:23.992465
POST_1220,vinfast.official,2025-03-02,This is a sample caption for post 1220,image,1,8845,112,48384,32315,8,169,96,57084,"['#vinfast', '#mobility']",2,#vinfast #mobility,@evcommunity @vinfast,{},-0.55,TikTok,2025-04-25 07:44:23.992481
POST_1221,vinfast.official,2025-03-02,This is a sample caption for post 1221,image,2,6384,267,39079,24922,21,28,38,43843,"['#mobility', '#electricvehicle', '#greenfuture', '#ev']",4,#mobility #electricvehicle #greenfuture #ev,@vinfast @vf9,{},0.99,TikTok,2025-04-25 07:44:23.992504
POST_1222,vinfastglobal,2025-03-03,This is a sample caption for post 1222,image,7,413,126,15201,12574,38,113,93,15560,"['#vinfast', '#greenfuture']",2,#vinfast #greenfuture,@evcommunity @vinfast,{},-0.25,TikTok,2025-04-25 07:44:23.992521
POST_1223,vinfastglobal,2025-03-03,This is a sample caption for post 1223,carousel,1,1871,344,1793,935,34,218,56,8023,['#electricvehicle'],1,#electricvehicle,@vf9,{},0.4,Instagram,2025-04-25 07:44:23.992544
POST_1224,vinfastglobal,2025-03-03,This is a sample caption for post 1224,video,7,1754,349,34598,21502,160,75,53,36316,['#greenfuture'],1,#greenfuture,,{},0.57,TikTok,2025-04-25 07:44:23.992559
POST_1225,vinfastglobal,2025-03-03,This is a sample caption for post 1225,carousel,4,4408,435,34784,32624,96,214,37,37411,['#electricvehicle'],1,#electricvehicle,@vinfast,{},0.38,TikTok,2025-04-25 07:44:23.992591
POST_1226,vinfast.official,2025-03-03,This is a sample caption for post 1226,image,1,308,353,6332,5750,151,257,19,7807,['#mobility'],1,#mobility,@vinfast @vf9,{},0.29,TikTok,2025-04-25 07:44:23.992605
POST_1227,vinfast.official,2025-03-03,This is a sample caption for post 1227,video,8,920,61,11949,10674,79,189,86,17072,"['#mobility', '#vinfast', '#electricvehicle', '#car']",4,#mobility #vinfast #electricvehicle #car,,{},0.7,Instagram,2025-04-25 07:44:23.992619
POST_1228,vinfast.official,2025-03-03,This is a sample caption for post 1228,video,8,4495,459,48542,26301,92,98,14,55108,"['#car', '#greenfuture', '#mobility', '#electricvehicle']",4,#car #greenfuture #mobility #electricvehicle,@vf9,{},0.3,Instagram,2025-04-25 07:44:23.992633
POST_1229,vinfastglobal,2025-03-04,This is a sample caption for post 1229,carousel,1,2711,63,27764,25266,128,296,86,34942,"['#electricvehicle', '#car']",2,#electricvehicle #car,@evcommunity,{},-0.94,Instagram,2025-04-25 07:44:23.992648
POST_1230,vinfast.official,2025-03-04,This is a sample caption for post 1230,video,2,6838,235,3512,1856,172,165,1,12110,"['#mobility', '#greenfuture']",2,#mobility #greenfuture,@evcommunity @vinfast,{},-0.13,Instagram,2025-04-25 07:44:23.992662
POST_1231,vinfast.official,2025-03-04,This is a sample caption for post 1231,video,7,2535,439,37091,33434,161,32,1,39662,"['#car', '#ev', '#vinfast', '#electricvehicle']",4,#car #ev #vinfast #electricvehicle,@vinfast,{},-0.34,TikTok,2025-04-25 07:44:23.992676
POST_1232,vinfastglobal,2025-03-04,This is a sample caption for post 1232,carousel,4,9119,339,25314,17250,65,45,58,32591,"['#vinfast', '#car', '#electricvehicle', '#ev']",4,#vinfast #car #electricvehicle #ev,,{},0.96,Instagram,2025-04-25 07:44:23.992689
POST_1233,vinfastglobal,2025-03-04,This is a sample caption for post 1233,video,7,687,295,36485,18245,28,160,65,45698,"['#mobility', '#car']",2,#mobility #car,@vf9,{},0.65,Instagram,2025-04-25 07:44:23.992703
POST_1234,vinfast.official,2025-03-05,This is a sample caption for post 1234,carousel,10,9929,252,47466,37769,188,236,14,49062,"['#vinfast', '#greenfuture']",2,#vinfast #greenfuture,@evcommunity,{},0.93,TikTok,2025-04-25 07:44:23.992717
POST_1235,vinfast.official,2025-03-05,This is a sample caption for post 1235,carousel,2,850,469,11258,8123,188,214,13,15424,"['#ev', '#vinfast']",2,#ev #vinfast,@vinfast,{},-0.09,Instagram,2025-04-25 07:44:23.992730
POST_1236,vinfast.official,2025-03-05,This is a sample caption for post 1236,image,7,861,484,42000,36828,155,68,98,49381,"['#mobility', '#electricvehicle', '#ev', '#car']",4,#mobility #electricvehicle #ev #car,,{},0.06,Instagram,2025-04-25 07:44:23.992744
POST_1237,vinfast.official,2025-03-05,This is a sample caption for post 1237,carousel,8,8428,409,12113,9827,49,70,13,18460,"['#electricvehicle', '#car', '#mobility']",3,#electricvehicle #car #mobility,@evcommunity @vinfast,{},-0.45,TikTok,2025-04-25 07:44:23.992758
POST_1238,vinfast.official,2025-03-05,This is a sample caption for post 1238,video,3,2363,221,39987,32589,196,267,38,48962,"['#mobility', '#electricvehicle', '#ev']",3,#mobility #electricvehicle #ev,,{},-0.58,TikTok,2025-04-25 07:44:23.992781
POST_1239,vinfast.official,2025-03-05,This is a sample caption for post 1239,carousel,3,3013,267,36052,29290,87,64,97,41823,"['#electricvehicle', '#mobility', '#car', '#greenfuture']",4,#electricvehicle #mobility #car #greenfuture,@evcommunity @vf9,{},0.75,TikTok,2025-04-25 07:44:23.992802
POST_1240,vinfastglobal,2025-03-05,This is a sample caption for post 1240,carousel,2,514,205,10024,5251,19,107,34,12660,"['#mobility', '#greenfuture', '#ev']",3,#mobility #greenfuture #ev,,{},0.38,TikTok,2025-04-25 07:44:23.992815
POST_1241,vinfastglobal,2025-03-05,This is a sample caption for post 1241,carousel,1,5976,426,30161,16471,177,292,28,39356,"['#ev', '#electricvehicle', '#greenfuture', '#car']",4,#ev #electricvehicle #greenfuture #car,@vinfast @vf9,{},-0.22,TikTok,2025-04-25 07:44:23.992829
POST_1242,vinfastglobal,2025-03-06,This is a sample caption for post 1242,image,5,3427,327,29536,25799,167,193,96,39176,"['#mobility', '#ev']",2,#mobility #ev,@vf9,{},-0.65,Instagram,2025-04-25 07:44:23.992844
POST_1243,vinfastglobal,2025-03-06,This is a sample caption for post 1243,image,9,2055,203,3163,2191,147,140,16,5799,"['#vinfast', '#greenfuture', '#car']",3,#vinfast #greenfuture #car,@vinfast @evcommunity,{},-0.69,TikTok,2025-04-25 07:44:23.992858
POST_1244,vinfastglobal,2025-03-06,This is a sample caption for post 1244,carousel,10,5034,261,38030,28430,23,167,67,41633,"['#electricvehicle', '#vinfast']",2,#electricvehicle #vinfast,@vinfast @vf9,{},0.09,TikTok,2025-04-25 07:44:23.992872
POST_1245,vinfastglobal,2025-03-06,This is a sample caption for post 1245,video,4,3595,349,22250,14439,80,116,96,30941,"['#electricvehicle', '#vinfast', '#mobility', '#greenfuture']",4,#electricvehicle #vinfast #mobility #greenfuture,@vf9,{},-0.52,Instagram,2025-04-25 07:44:23.992886
POST_1246,vinfastglobal,2025-03-06,This is a sample caption for post 1246,carousel,6,6348,478,7930,5341,143,149,3,16398,"['#electricvehicle', '#mobility', '#car']",3,#electricvehicle #mobility #car,@vinfast,{},-0.41,Instagram,2025-04-25 07:44:23.992899
POST_1247,vinfast.official,2025-03-06,This is a sample caption for post 1247,carousel,2,1672,95,35756,26457,165,38,26,39248,"['#vinfast', '#ev', '#car', '#greenfuture']",4,#vinfast #ev #car #greenfuture,,{},0.49,Instagram,2025-04-25 07:44:23.992914
POST_1248,vinfastglobal,2025-03-06,This is a sample caption for post 1248,video,6,720,54,5300,2779,69,290,9,14720,"['#greenfuture', '#car']",2,#greenfuture #car,@vf9,{},0.26,TikTok,2025-04-25 07:44:23.992927
POST_1249,vinfast.official,2025-03-06,This is a sample caption for post 1249,image,7,2038,283,886,698,163,37,96,10480,['#mobility'],1,#mobility,,{},-0.28,Instagram,2025-04-25 07:44:23.992939
POST_1250,vinfast.official,2025-03-06,This is a sample caption for post 1250,carousel,5,1517,154,29183,19600,174,20,60,31744,"['#ev', '#car']",2,#ev #car,@vf9 @vinfast,{},-0.4,TikTok,2025-04-25 07:44:23.992953
POST_1251,vinfastglobal,2025-03-07,This is a sample caption for post 1251,image,1,182,303,39602,26823,145,48,39,43043,"['#ev', '#car', '#mobility']",3,#ev #car #mobility,,{},-0.63,TikTok,2025-04-25 07:44:23.992971
POST_1252,vinfastglobal,2025-03-07,This is a sample caption for post 1252,image,3,9394,446,4064,3589,145,241,82,13069,['#greenfuture'],1,#greenfuture,@vinfast @vf9,{},-0.8,TikTok,2025-04-25 07:44:23.992995
POST_1253,vinfast.official,2025-03-07,This is a sample caption for post 1253,video,3,3942,61,19186,14941,54,167,62,26569,"['#electricvehicle', '#greenfuture', '#ev']",3,#electricvehicle #greenfuture #ev,@evcommunity @vf9,{},0.62,TikTok,2025-04-25 07:44:23.993024
POST_1254,vinfastglobal,2025-03-07,This is a sample caption for post 1254,image,6,4133,412,15017,12321,169,228,35,20906,"['#mobility', '#greenfuture']",2,#mobility #greenfuture,@vf9,{},-0.11,TikTok,2025-04-25 07:44:23.993147
POST_1255,vinfast.official,2025-03-07,This is a sample caption for post 1255,carousel,2,2979,340,40255,21612,76,76,68,43473,"['#mobility', '#vinfast', '#electricvehicle']",3,#mobility #vinfast #electricvehicle,,{},0.7,Instagram,2025-04-25 07:44:23.993165
POST_1256,vinfast.official,2025-03-08,This is a sample caption for post 1256,carousel,4,700,292,17579,13088,143,246,83,20014,"['#car', '#ev', '#greenfuture']",3,#car #ev #greenfuture,,{},-0.07,Instagram,2025-04-25 07:44:23.993181
POST_1257,vinfast.official,2025-03-08,This is a sample caption for post 1257,video,9,273,349,16155,14242,162,89,96,24578,"['#car', '#ev']",2,#car #ev,,{},0.13,Instagram,2025-04-25 07:44:23.993194
POST_1258,vinfast.official,2025-03-08,This is a sample caption for post 1258,video,1,3685,399,32458,19613,72,194,29,33159,"['#electricvehicle', '#greenfuture']",2,#electricvehicle #greenfuture,@vf9,{},0.84,Instagram,2025-04-25 07:44:23.993210
POST_1259,vinfastglobal,2025-03-08,This is a sample caption for post 1259,carousel,6,1791,370,34668,27218,75,139,74,43586,"['#car', '#mobility']",2,#car #mobility,@evcommunity,{},0.31,Instagram,2025-04-25 07:44:23.993237
POST_1260,vinfast.official,2025-03-08,This is a sample caption for post 1260,video,4,8560,217,23627,20502,93,254,61,33526,['#electricvehicle'],1,#electricvehicle,,{},-0.12,Instagram,2025-04-25 07:44:23.993249
POST_1261,vinfastglobal,2025-03-08,This is a sample caption for post 1261,carousel,5,3565,86,12749,7277,159,65,84,16522,"['#greenfuture', '#vinfast', '#car', '#mobility']",4,#greenfuture #vinfast #car #mobility,@vf9,{},-0.58,Instagram,2025-04-25 07:44:23.993263
POST_1262,vinfast.official,2025-03-08,This is a sample caption for post 1262,image,4,806,75,38084,29193,39,267,5,47460,"['#vinfast', '#ev']",2,#vinfast #ev,@vinfast,{},0.03,TikTok,2025-04-25 07:44:23.993277
POST_1263,vinfastglobal,2025-03-08,This is a sample caption for post 1263,carousel,5,1504,120,29938,23140,125,251,21,33532,"['#electricvehicle', '#ev', '#mobility', '#greenfuture']",4,#electricvehicle #ev #mobility #greenfuture,@evcommunity @vf9,{},-0.66,TikTok,2025-04-25 07:44:23.993291
POST_1264,vinfast.official,2025-03-08,This is a sample caption for post 1264,carousel,10,1227,127,25286,17029,32,13,25,33850,"['#ev', '#electricvehicle', '#vinfast', '#car']",4,#ev #electricvehicle #vinfast #car,@evcommunity,{},0.2,Instagram,2025-04-25 07:44:23.993306
POST_1265,vinfast.official,2025-03-09,This is a sample caption for post 1265,carousel,3,9987,286,578,522,178,225,66,7470,"['#vinfast', '#electricvehicle', '#car']",3,#vinfast #electricvehicle #car,,{},0.88,TikTok,2025-04-25 07:44:23.993320
POST_1266,vinfast.official,2025-03-09,This is a sample caption for post 1266,video,10,9539,60,28384,15902,127,124,10,33025,"['#greenfuture', '#ev', '#vinfast', '#mobility']",4,#greenfuture #ev #vinfast #mobility,@vinfast @evcommunity,{},0.04,TikTok,2025-04-25 07:44:23.993335
POST_1267,vinfastglobal,2025-03-09,This is a sample caption for post 1267,carousel,6,6798,195,7485,4263,171,134,33,16268,"['#electricvehicle', '#greenfuture', '#mobility', '#car']",4,#electricvehicle #greenfuture #mobility #car,@vinfast,{},-0.17,TikTok,2025-04-25 07:44:23.993350
POST_1268,vinfastglobal,2025-03-09,This is a sample caption for post 1268,video,9,9191,257,17131,16185,152,181,99,23653,"['#mobility', '#vinfast']",2,#mobility #vinfast,@vinfast @vf9,{},0.57,Instagram,2025-04-25 07:44:23.993364
POST_1269,vinfastglobal,2025-03-09,This is a sample caption for post 1269,image,9,6662,412,22679,19512,162,31,20,29054,['#vinfast'],1,#vinfast,,{},-0.06,TikTok,2025-04-25 07:44:23.993377
POST_1270,vinfastglobal,2025-03-10,This is a sample caption for post 1270,video,4,6175,50,40413,20893,103,210,78,48949,"['#mobility', '#electricvehicle', '#vinfast']",3,#mobility #electricvehicle #vinfast,,{},0.28,TikTok,2025-04-25 07:44:23.993391
POST_1271,vinfastglobal,2025-03-10,This is a sample caption for post 1271,image,9,4785,109,2702,2304,135,269,89,6497,"['#mobility', '#vinfast']",2,#mobility #vinfast,@vinfast,{},0.31,Instagram,2025-04-25 07:44:23.993404
POST_1272,vinfastglobal,2025-03-10,This is a sample caption for post 1272,video,7,5885,352,26396,18014,56,270,1,27520,['#electricvehicle'],1,#electricvehicle,@evcommunity,{},0.66,TikTok,2025-04-25 07:44:23.993418
POST_1273,vinfast.official,2025-03-10,This is a sample caption for post 1273,video,4,3287,242,26973,20464,71,94,52,35267,['#electricvehicle'],1,#electricvehicle,,{},0.01,TikTok,2025-04-25 07:44:23.993431
POST_1274,vinfastglobal,2025-03-10,This is a sample caption for post 1274,carousel,5,8913,426,38176,23385,118,198,72,46099,"['#greenfuture', '#car']",2,#greenfuture #car,@vf9 @vinfast,{},-0.04,TikTok,2025-04-25 07:44:23.993445
POST_1275,vinfast.official,2025-03-11,This is a sample caption for post 1275,carousel,4,3867,419,21191,14528,95,269,68,21350,"['#ev', '#greenfuture', '#vinfast']",3,#ev #greenfuture #vinfast,@evcommunity,{},0.5,TikTok,2025-04-25 07:44:23.993460
POST_1276,vinfastglobal,2025-03-11,This is a sample caption for post 1276,carousel,3,7907,170,23669,14162,151,142,23,26784,"['#mobility', '#ev', '#electricvehicle', '#greenfuture']",4,#mobility #ev #electricvehicle #greenfuture,,{},0.75,Instagram,2025-04-25 07:44:23.993474
POST_1277,vinfastglobal,2025-03-11,This is a sample caption for post 1277,image,4,5933,89,7491,4149,25,257,78,7599,['#car'],1,#car,@evcommunity,{},-0.37,TikTok,2025-04-25 07:44:23.993488
POST_1278,vinfast.official,2025-03-11,This is a sample caption for post 1278,image,9,4691,213,15055,12609,37,32,67,21988,"['#electricvehicle', '#vinfast', '#greenfuture', '#ev']",4,#electricvehicle #vinfast #greenfuture #ev,@vinfast @vf9,{},0.95,TikTok,2025-04-25 07:44:23.993502
POST_1279,vinfast.official,2025-03-11,This is a sample caption for post 1279,carousel,1,293,355,14311,9598,30,171,46,18565,"['#electricvehicle', '#greenfuture']",2,#electricvehicle #greenfuture,,{},-0.46,TikTok,2025-04-25 07:44:23.993515
POST_1280,vinfastglobal,2025-03-12,This is a sample caption for post 1280,video,7,3549,224,46421,38923,98,210,35,53805,"['#electricvehicle', '#ev']",2,#electricvehicle #ev,@evcommunity @vinfast,{},0.63,TikTok,2025-04-25 07:44:23.993529
POST_1281,vinfastglobal,2025-03-12,This is a sample caption for post 1281,carousel,7,6340,110,10058,8650,194,81,60,10217,"['#car', '#mobility']",2,#car #mobility,,{},0.99,TikTok,2025-04-25 07:44:23.993542
POST_1282,vinfast.official,2025-03-12,This is a sample caption for post 1282,video,5,9310,449,37713,19666,30,88,7,41243,"['#car', '#vinfast', '#mobility']",3,#car #vinfast #mobility,@vf9 @evcommunity,{},-0.28,TikTok,2025-04-25 07:44:23.993576
POST_1283,vinfast.official,2025-03-12,This is a sample caption for post 1283,image,7,2086,189,45037,42037,55,300,73,53858,"['#greenfuture', '#mobility']",2,#greenfuture #mobility,@evcommunity,{},0.02,TikTok,2025-04-25 07:44:23.993591
POST_1284,vinfastglobal,2025-03-12,This is a sample caption for post 1284,video,10,4794,247,41899,38985,47,177,53,51264,"['#vinfast', '#mobility', '#ev', '#car']",4,#vinfast #mobility #ev #car,,{},-0.37,TikTok,2025-04-25 07:44:23.993605
POST_1285,vinfast.official,2025-03-12,This is a sample caption for post 1285,carousel,7,4544,464,29656,25250,97,271,57,36438,"['#ev', '#vinfast']",2,#ev #vinfast,,{},0.46,TikTok,2025-04-25 07:44:23.993617
POST_1286,vinfastglobal,2025-03-12,This is a sample caption for post 1286,image,3,6605,62,6762,3575,126,285,6,7193,"['#electricvehicle', '#vinfast', '#mobility', '#ev']",4,#electricvehicle #vinfast #mobility #ev,@vinfast @evcommunity,{},0.31,TikTok,2025-04-25 07:44:23.993631
POST_1287,vinfastglobal,2025-03-13,This is a sample caption for post 1287,image,5,7360,330,8784,4910,48,19,4,14630,"['#car', '#mobility', '#greenfuture']",3,#car #mobility #greenfuture,@vf9 @vinfast,{},0.94,Instagram,2025-04-25 07:44:23.993656
POST_1288,vinfast.official,2025-03-13,This is a sample caption for post 1288,carousel,10,7226,278,42429,33425,84,182,61,51270,"['#vinfast', '#car']",2,#vinfast #car,@vf9,{},-0.18,Instagram,2025-04-25 07:44:23.993672
POST_1289,vinfast.official,2025-03-13,This is a sample caption for post 1289,image,1,8674,427,9432,6175,125,278,1,17491,"['#greenfuture', '#vinfast', '#car', '#ev']",4,#greenfuture #vinfast #car #ev,@vinfast @evcommunity,{},0.1,Instagram,2025-04-25 07:44:23.993686
POST_1290,vinfast.official,2025-03-13,This is a sample caption for post 1290,carousel,7,6567,137,11200,9203,170,204,48,14814,"['#vinfast', '#car', '#ev']",3,#vinfast #car #ev,@evcommunity @vf9,{},-0.43,TikTok,2025-04-25 07:44:23.993701
POST_1291,vinfast.official,2025-03-13,This is a sample caption for post 1291,image,2,3088,79,19478,10706,121,236,34,27538,"['#greenfuture', '#vinfast']",2,#greenfuture #vinfast,,{},-0.9,Instagram,2025-04-25 07:44:23.993713
POST_1292,vinfastglobal,2025-03-13,This is a sample caption for post 1292,image,5,4510,74,47371,33031,7,124,11,49839,['#car'],1,#car,,{},-0.32,TikTok,2025-04-25 07:44:23.993726
POST_1293,vinfast.official,2025-03-13,This is a sample caption for post 1293,video,8,619,179,5757,5063,42,33,34,12186,['#electricvehicle'],1,#electricvehicle,@vinfast,{},-0.62,TikTok,2025-04-25 07:44:23.993740
POST_1294,vinfastglobal,2025-03-14,This is a sample caption for post 1294,image,4,6404,404,29529,18048,13,106,58,31068,"['#car', '#mobility']",2,#car #mobility,@vf9 @evcommunity,{},-0.68,Instagram,2025-04-25 07:44:23.993755
POST_1295,vinfastglobal,2025-03-14,This is a sample caption for post 1295,video,8,4995,111,24120,21693,175,116,14,27986,"['#greenfuture', '#vinfast', '#ev', '#car']",4,#greenfuture #vinfast #ev #car,@vinfast @vf9,{},0.58,Instagram,2025-04-25 07:44:23.993770
POST_1296,vinfastglobal,2025-03-14,This is a sample caption for post 1296,carousel,8,9868,89,24839,21035,68,85,63,26336,"['#mobility', '#vinfast', '#electricvehicle']",3,#mobility #vinfast #electricvehicle,@evcommunity,{},-0.69,Instagram,2025-04-25 07:44:23.993783
POST_1297,vinfastglobal,2025-03-14,This is a sample caption for post 1297,video,4,5289,295,42747,35929,117,103,2,48936,"['#mobility', '#ev', '#greenfuture']",3,#mobility #ev #greenfuture,,{},-0.03,TikTok,2025-04-25 07:44:23.993797
POST_1298,vinfast.official,2025-03-14,This is a sample caption for post 1298,carousel,8,3209,300,12730,9479,87,244,35,22538,"['#vinfast', '#electricvehicle']",2,#vinfast #electricvehicle,,{},-0.1,TikTok,2025-04-25 07:44:23.993810
POST_1299,vinfast.official,2025-03-14,This is a sample caption for post 1299,video,1,8389,204,48580,28345,9,191,99,52492,"['#mobility', '#vinfast', '#car']",3,#mobility #vinfast #car,,{},0.05,TikTok,2025-04-25 07:44:23.993823
POST_1300,vinfastglobal,2025-03-14,This is a sample caption for post 1300,carousel,5,5385,219,42502,27409,29,272,84,43594,['#ev'],1,#ev,,{},0.75,Instagram,2025-04-25 07:44:23.993836
POST_1301,vinfastglobal,2025-03-14,This is a sample caption for post 1301,video,4,1717,26,37921,29911,104,255,67,47592,"['#vinfast', '#greenfuture', '#ev']",3,#vinfast #greenfuture #ev,@evcommunity @vinfast,{},-0.97,Instagram,2025-04-25 07:44:23.993850
POST_1302,vinfast.official,2025-03-15,This is a sample caption for post 1302,image,8,1094,194,37070,30937,111,193,90,38025,"['#electricvehicle', '#vinfast', '#mobility']",3,#electricvehicle #vinfast #mobility,@vinfast,{},0.89,Instagram,2025-04-25 07:44:23.993864
POST_1303,vinfastglobal,2025-03-15,This is a sample caption for post 1303,carousel,4,8810,207,12916,7580,173,132,72,15847,"['#mobility', '#vinfast', '#greenfuture', '#car']",4,#mobility #vinfast #greenfuture #car,@evcommunity,{},0.33,Instagram,2025-04-25 07:44:23.993878
POST_1304,vinfastglobal,2025-03-15,This is a sample caption for post 1304,image,9,6679,268,22619,18002,141,231,45,27782,"['#greenfuture', '#car', '#electricvehicle']",3,#greenfuture #car #electricvehicle,@vf9 @vinfast,{},0.13,Instagram,2025-04-25 07:44:23.993893
POST_1305,vinfast.official,2025-03-15,This is a sample caption for post 1305,carousel,5,5998,241,29827,27796,5,22,36,39587,['#electricvehicle'],1,#electricvehicle,,{},0.99,TikTok,2025-04-25 07:44:23.993906
POST_1306,vinfastglobal,2025-03-15,This is a sample caption for post 1306,video,4,3619,448,21137,10774,181,146,70,29513,"['#vinfast', '#mobility']",2,#vinfast #mobility,@vf9,{},-0.69,TikTok,2025-04-25 07:44:23.993919
POST_1307,vinfast.official,2025-03-15,This is a sample caption for post 1307,carousel,4,3917,141,20180,10924,107,296,27,21444,"['#car', '#ev', '#mobility']",3,#car #ev #mobility,@evcommunity @vinfast,{},0.19,TikTok,2025-04-25 07:44:23.993933
POST_1308,vinfastglobal,2025-03-15,This is a sample caption for post 1308,carousel,10,6351,50,4164,3809,90,183,55,10988,['#ev'],1,#ev,@evcommunity @vinfast,{},0.27,TikTok,2025-04-25 07:44:23.993946
POST_1309,vinfastglobal,2025-03-15,This is a sample caption for post 1309,video,9,774,173,35884,27064,88,262,89,39501,"['#vinfast', '#car']",2,#vinfast #car,@evcommunity,{},0.15,Instagram,2025-04-25 07:44:23.993961
POST_1310,vinfastglobal,2025-03-15,This is a sample caption for post 1310,video,5,6560,85,9163,5967,126,297,95,9970,"['#greenfuture', '#vinfast', '#car', '#mobility']",4,#greenfuture #vinfast #car #mobility,@evcommunity,{},-0.74,Instagram,2025-04-25 07:44:23.993975
POST_1311,vinfast.official,2025-03-15,This is a sample caption for post 1311,carousel,4,8093,212,43245,32740,148,273,31,47215,['#greenfuture'],1,#greenfuture,@vf9,{},0.37,Instagram,2025-04-25 07:44:23.993988
POST_1312,vinfast.official,2025-03-16,This is a sample caption for post 1312,video,6,5806,107,21519,14095,172,17,98,26513,"['#greenfuture', '#electricvehicle']",2,#greenfuture #electricvehicle,@evcommunity,{},-0.71,Instagram,2025-04-25 07:44:23.994003
POST_1313,vinfastglobal,2025-03-16,This is a sample caption for post 1313,image,6,2655,397,48242,42633,33,32,31,50661,"['#vinfast', '#greenfuture', '#mobility']",3,#vinfast #greenfuture #mobility,@vf9,{},-0.06,TikTok,2025-04-25 07:44:23.994028
POST_1314,vinfastglobal,2025-03-16,This is a sample caption for post 1314,carousel,9,3571,114,36310,26704,71,285,61,38625,['#car'],1,#car,@evcommunity @vinfast,{},-0.49,Instagram,2025-04-25 07:44:23.994041
POST_1315,vinfast.official,2025-03-16,This is a sample caption for post 1315,image,10,4544,37,30971,24610,7,39,49,35416,"['#vinfast', '#mobility', '#greenfuture']",3,#vinfast #mobility #greenfuture,@vf9 @vinfast,{},0.96,Instagram,2025-04-25 07:44:23.994065
POST_1316,vinfast.official,2025-03-16,This is a sample caption for post 1316,video,10,8809,55,12717,7496,122,292,91,13069,['#ev'],1,#ev,@vf9 @evcommunity,{},-0.02,Instagram,2025-04-25 07:44:23.994088
POST_1317,vinfast.official,2025-03-17,This is a sample caption for post 1317,carousel,6,5922,330,20313,12315,133,146,7,24534,"['#vinfast', '#electricvehicle', '#greenfuture', '#mobility']",4,#vinfast #electricvehicle #greenfuture #mobility,,{},-0.32,TikTok,2025-04-25 07:44:23.994103
POST_1318,vinfastglobal,2025-03-17,This is a sample caption for post 1318,image,7,8631,357,40637,36277,180,121,53,44575,"['#car', '#greenfuture']",2,#car #greenfuture,@vf9 @evcommunity,{},0.08,Instagram,2025-04-25 07:44:23.994117
POST_1319,vinfastglobal,2025-03-17,This is a sample caption for post 1319,carousel,9,3414,451,9551,6103,185,273,17,16597,"['#mobility', '#electricvehicle']",2,#mobility #electricvehicle,,{},-0.37,Instagram,2025-04-25 07:44:23.994130
POST_1320,vinfastglobal,2025-03-17,This is a sample caption for post 1320,video,3,583,401,21385,19162,110,215,38,28643,"['#ev', '#mobility', '#vinfast']",3,#ev #mobility #vinfast,,{},-0.63,TikTok,2025-04-25 07:44:23.994143
POST_1321,vinfastglobal,2025-03-17,This is a sample caption for post 1321,carousel,4,3883,361,2209,1461,181,249,17,10439,"['#mobility', '#greenfuture', '#ev', '#car']",4,#mobility #greenfuture #ev #car,@vf9,{},-0.72,Instagram,2025-04-25 07:44:23.994160
POST_1322,vinfastglobal,2025-03-18,This is a sample caption for post 1322,video,1,4521,496,27569,16545,176,108,96,30920,['#ev'],1,#ev,@evcommunity,{},-0.02,TikTok,2025-04-25 07:44:23.994174
POST_1323,vinfast.official,2025-03-18,This is a sample caption for post 1323,image,7,6733,407,3241,2507,102,165,50,12611,['#electricvehicle'],1,#electricvehicle,,{},-0.1,Instagram,2025-04-25 07:44:23.994187
POST_1324,vinfastglobal,2025-03-18,This is a sample caption for post 1324,carousel,9,6581,386,3072,2306,137,30,24,7842,"['#car', '#greenfuture', '#electricvehicle', '#ev']",4,#car #greenfuture #electricvehicle #ev,,{},-0.16,Instagram,2025-04-25 07:44:23.994201
POST_1325,vinfastglobal,2025-03-18,This is a sample caption for post 1325,video,8,1581,379,33311,18351,154,284,17,39751,"['#greenfuture', '#car', '#vinfast', '#electricvehicle']",4,#greenfuture #car #vinfast #electricvehicle,@evcommunity,{},0.79,Instagram,2025-04-25 07:44:23.994215
POST_1326,vinfast.official,2025-03-18,This is a sample caption for post 1326,image,5,5409,364,43005,39058,46,68,11,44875,"['#mobility', '#greenfuture', '#vinfast', '#electricvehicle']",4,#mobility #greenfuture #vinfast #electricvehicle,@vf9 @vinfast,{},-0.24,TikTok,2025-04-25 07:44:23.994229
POST_1327,vinfastglobal,2025-03-18,This is a sample caption for post 1327,image,6,9365,456,43722,38833,46,79,22,44562,"['#greenfuture', '#mobility', '#car', '#ev']",4,#greenfuture #mobility #car #ev,@vinfast @evcommunity,{},0.8,Instagram,2025-04-25 07:44:23.994244
POST_1328,vinfast.official,2025-03-19,This is a sample caption for post 1328,image,8,8253,447,33179,24704,6,257,30,36732,"['#car', '#mobility', '#electricvehicle', '#vinfast']",4,#car #mobility #electricvehicle #vinfast,@evcommunity @vinfast,{},-0.51,TikTok,2025-04-25 07:44:23.994259
POST_1329,vinfastglobal,2025-03-19,This is a sample caption for post 1329,image,3,2529,38,43313,28459,42,21,85,52784,"['#greenfuture', '#vinfast', '#electricvehicle']",3,#greenfuture #vinfast #electricvehicle,,{},-0.17,Instagram,2025-04-25 07:44:23.994272
POST_1330,vinfastglobal,2025-03-19,This is a sample caption for post 1330,carousel,5,9847,303,37342,21652,121,189,4,38867,"['#greenfuture', '#mobility', '#car']",3,#greenfuture #mobility #car,,{},0.52,Instagram,2025-04-25 07:44:23.994295
POST_1331,vinfast.official,2025-03-19,This is a sample caption for post 1331,video,3,2099,365,18484,11980,110,273,26,21909,['#vinfast'],1,#vinfast,@evcommunity @vinfast,{},-0.03,TikTok,2025-04-25 07:44:23.994319
POST_1332,vinfast.official,2025-03-19,This is a sample caption for post 1332,carousel,6,4354,279,38192,36196,95,71,78,47410,"['#electricvehicle', '#car', '#mobility', '#vinfast']",4,#electricvehicle #car #mobility #vinfast,@vinfast @vf9,{},0.96,Instagram,2025-04-25 07:44:23.994333
POST_1333,vinfastglobal,2025-03-20,This is a sample caption for post 1333,video,2,3496,419,40824,38764,110,28,42,46552,"['#vinfast', '#ev']",2,#vinfast #ev,@vf9 @evcommunity,{},0.58,TikTok,2025-04-25 07:44:23.994350
POST_1334,vinfast.official,2025-03-20,This is a sample caption for post 1334,carousel,9,5407,402,901,496,90,179,50,10222,['#ev'],1,#ev,,{},-0.34,TikTok,2025-04-25 07:44:23.994362
POST_1335,vinfast.official,2025-03-20,This is a sample caption for post 1335,video,1,2324,256,10683,8356,142,176,59,17465,['#electricvehicle'],1,#electricvehicle,@evcommunity,{},0.45,TikTok,2025-04-25 07:44:23.994375
POST_1336,vinfastglobal,2025-03-20,This is a sample caption for post 1336,image,10,5534,419,23673,12541,43,148,3,29229,"['#mobility', '#electricvehicle', '#ev', '#greenfuture']",4,#mobility #electricvehicle #ev #greenfuture,@vf9 @vinfast,{},0.19,TikTok,2025-04-25 07:44:23.994389
POST_1337,vinfast.official,2025-03-20,This is a sample caption for post 1337,carousel,1,4548,221,6188,4478,65,195,57,11146,"['#electricvehicle', '#greenfuture']",2,#electricvehicle #greenfuture,,{},-0.78,Instagram,2025-04-25 07:44:23.994402
POST_1338,vinfastglobal,2025-03-21,This is a sample caption for post 1338,video,9,508,419,32131,29150,44,102,43,40052,"['#greenfuture', '#ev', '#vinfast']",3,#greenfuture #ev #vinfast,@evcommunity @vinfast,{},-0.59,Instagram,2025-04-25 07:44:23.994416
POST_1339,vinfast.official,2025-03-21,This is a sample caption for post 1339,video,9,1997,12,20880,19200,180,49,42,28529,['#vinfast'],1,#vinfast,@evcommunity @vf9,{},-0.96,TikTok,2025-04-25 07:44:23.994431
POST_1340,vinfastglobal,2025-03-21,This is a sample caption for post 1340,video,4,3254,156,18630,13777,117,65,34,21076,"['#greenfuture', '#vinfast']",2,#greenfuture #vinfast,,{},0.92,Instagram,2025-04-25 07:44:23.994443
POST_1341,vinfastglobal,2025-03-21,This is a sample caption for post 1341,carousel,6,9100,173,18263,10294,185,150,73,22274,"['#vinfast', '#greenfuture']",2,#vinfast #greenfuture,@vf9 @evcommunity,{},-0.9,Instagram,2025-04-25 07:44:23.994457
POST_1342,vinfast.official,2025-03-21,This is a sample caption for post 1342,carousel,1,1835,206,4025,2168,105,96,90,13791,"['#electricvehicle', '#greenfuture', '#mobility', '#ev']",4,#electricvehicle #greenfuture #mobility #ev,,{},0.43,Instagram,2025-04-25 07:44:23.994470
POST_1343,vinfast.official,2025-03-21,This is a sample caption for post 1343,carousel,3,1622,426,46283,32894,121,163,87,53908,"['#ev', '#mobility', '#electricvehicle', '#greenfuture']",4,#ev #mobility #electricvehicle #greenfuture,@vf9,{},-0.22,TikTok,2025-04-25 07:44:23.994485
POST_1344,vinfast.official,2025-03-22,This is a sample caption for post 1344,video,1,1170,253,7898,5198,123,92,36,13609,"['#electricvehicle', '#vinfast']",2,#electricvehicle #vinfast,@evcommunity,{},0.59,TikTok,2025-04-25 07:44:23.994499
POST_1345,vinfastglobal,2025-03-22,This is a sample caption for post 1345,video,9,7652,215,39201,26893,163,129,70,41806,"['#car', '#vinfast', '#greenfuture', '#electricvehicle']",4,#car #vinfast #greenfuture #electricvehicle,@evcommunity @vf9,{},0.57,TikTok,2025-04-25 07:44:23.994512
POST_1346,vinfast.official,2025-03-22,This is a sample caption for post 1346,carousel,4,2935,349,44383,23747,187,298,62,46256,"['#greenfuture', '#electricvehicle', '#vinfast', '#ev']",4,#greenfuture #electricvehicle #vinfast #ev,,{},-0.38,TikTok,2025-04-25 07:44:23.994526
POST_1347,vinfastglobal,2025-03-22,This is a sample caption for post 1347,carousel,2,9871,404,25332,16398,170,36,11,28897,"['#electricvehicle', '#vinfast']",2,#electricvehicle #vinfast,,{},0.32,TikTok,2025-04-25 07:44:23.994538
POST_1348,vinfast.official,2025-03-22,This is a sample caption for post 1348,video,10,9568,238,13323,7894,86,158,72,18312,"['#mobility', '#greenfuture', '#vinfast', '#electricvehicle']",4,#mobility #greenfuture #vinfast #electricvehicle,,{},0.22,TikTok,2025-04-25 07:44:23.994552
POST_1349,vinfastglobal,2025-03-22,This is a sample caption for post 1349,video,1,6149,471,36471,34120,5,291,45,38268,"['#vinfast', '#ev', '#car']",3,#vinfast #ev #car,@evcommunity @vf9,{},0.25,TikTok,2025-04-25 07:44:23.994566
POST_1350,vinfast.official,2025-03-22,This is a sample caption for post 1350,video,7,9031,118,43916,25384,40,101,71,50217,"['#car', '#ev', '#greenfuture']",3,#car #ev #greenfuture,@vinfast @evcommunity,{},-0.98,Instagram,2025-04-25 07:44:23.994579
POST_1351,vinfast.official,2025-03-23,This is a sample caption for post 1351,carousel,7,2324,53,9492,7489,111,238,100,19394,"['#electricvehicle', '#ev', '#car', '#greenfuture']",4,#electricvehicle #ev #car #greenfuture,@evcommunity,{},0.64,TikTok,2025-04-25 07:44:23.994593
POST_1352,vinfast.official,2025-03-23,This is a sample caption for post 1352,image,3,7059,319,986,749,192,126,91,9206,"['#car', '#electricvehicle', '#greenfuture']",3,#car #electricvehicle #greenfuture,,{},0.96,TikTok,2025-04-25 07:44:23.994607
POST_1353,vinfast.official,2025-03-23,This is a sample caption for post 1353,image,10,7989,363,5747,3240,192,274,96,10325,"['#electricvehicle', '#vinfast', '#mobility', '#car']",4,#electricvehicle #vinfast #mobility #car,@evcommunity,{},0.48,Instagram,2025-04-25 07:44:23.994635
POST_1354,vinfast.official,2025-03-23,This is a sample caption for post 1354,carousel,1,5728,283,1206,857,136,245,73,6637,"['#greenfuture', '#mobility', '#electricvehicle', '#vinfast']",4,#greenfuture #mobility #electricvehicle #vinfast,,{},0.39,TikTok,2025-04-25 07:44:23.994650
POST_1355,vinfast.official,2025-03-23,This is a sample caption for post 1355,image,8,9572,96,38042,19904,79,18,36,45984,['#ev'],1,#ev,@vinfast @vf9,{},-0.5,TikTok,2025-04-25 07:44:23.994663
POST_1356,vinfast.official,2025-03-23,This is a sample caption for post 1356,video,1,1927,319,11943,10862,194,82,84,19260,"['#ev', '#greenfuture', '#mobility']",3,#ev #greenfuture #mobility,@vinfast,{},0.6,Instagram,2025-04-25 07:44:23.994676
POST_1357,vinfastglobal,2025-03-24,This is a sample caption for post 1357,image,10,2625,438,33002,27680,110,201,30,40213,"['#ev', '#electricvehicle']",2,#ev #electricvehicle,@vf9 @vinfast,{},0.28,Instagram,2025-04-25 07:44:23.994691
POST_1358,vinfastglobal,2025-03-24,This is a sample caption for post 1358,image,8,6633,253,20250,14464,197,277,29,26472,"['#car', '#greenfuture', '#ev', '#electricvehicle']",4,#car #greenfuture #ev #electricvehicle,@vinfast,{},-0.42,TikTok,2025-04-25 07:44:23.994705
POST_1359,vinfast.official,2025-03-24,This is a sample caption for post 1359,carousel,6,8787,359,3188,1733,141,186,55,7654,"['#greenfuture', '#mobility', '#vinfast']",3,#greenfuture #mobility #vinfast,@evcommunity,{},0.17,TikTok,2025-04-25 07:44:23.994727
POST_1360,vinfastglobal,2025-03-24,This is a sample caption for post 1360,carousel,10,3293,276,22612,18202,51,165,70,22785,['#vinfast'],1,#vinfast,,{},-0.18,Instagram,2025-04-25 07:44:23.994742
POST_1361,vinfast.official,2025-03-24,This is a sample caption for post 1361,video,4,4741,138,13153,6777,163,52,7,22887,"['#electricvehicle', '#vinfast']",2,#electricvehicle #vinfast,@vinfast @evcommunity,{},0.71,Instagram,2025-04-25 07:44:23.994755
POST_1362,vinfast.official,2025-03-24,This is a sample caption for post 1362,carousel,10,3127,468,7764,6312,69,155,59,9004,"['#greenfuture', '#car', '#mobility', '#ev']",4,#greenfuture #car #mobility #ev,,{},0.56,TikTok,2025-04-25 07:44:23.994769
POST_1363,vinfastglobal,2025-03-24,This is a sample caption for post 1363,video,7,5550,40,17423,16203,72,96,56,18560,"['#ev', '#electricvehicle', '#car', '#vinfast']",4,#ev #electricvehicle #car #vinfast,@vf9 @vinfast,{},-0.71,TikTok,2025-04-25 07:44:23.994783
POST_1364,vinfastglobal,2025-03-25,This is a sample caption for post 1364,video,5,1792,27,5278,2806,191,133,99,12583,['#car'],1,#car,,{},0.31,Instagram,2025-04-25 07:44:23.994796
POST_1365,vinfastglobal,2025-03-25,This is a sample caption for post 1365,carousel,7,4465,87,46378,30072,105,299,0,54822,"['#car', '#mobility', '#electricvehicle', '#greenfuture']",4,#car #mobility #electricvehicle #greenfuture,,{},0.08,Instagram,2025-04-25 07:44:23.994810
POST_1366,vinfast.official,2025-03-25,This is a sample caption for post 1366,carousel,8,2085,300,35581,32761,96,175,87,40542,"['#vinfast', '#mobility', '#greenfuture', '#car']",4,#vinfast #mobility #greenfuture #car,@vinfast,{},0.68,TikTok,2025-04-25 07:44:23.994824
POST_1367,vinfastglobal,2025-03-25,This is a sample caption for post 1367,image,9,744,206,43801,25665,183,204,13,49687,"['#vinfast', '#car', '#ev', '#mobility']",4,#vinfast #car #ev #mobility,,{},-0.61,Instagram,2025-04-25 07:44:23.994839
POST_1368,vinfast.official,2025-03-25,This is a sample caption for post 1368,video,2,8956,339,20667,14980,120,13,4,26225,['#greenfuture'],1,#greenfuture,@vinfast @vf9,{},-0.76,TikTok,2025-04-25 07:44:23.994852
POST_1369,vinfastglobal,2025-03-25,This is a sample caption for post 1369,carousel,10,3917,483,5220,2696,41,255,83,5532,"['#electricvehicle', '#vinfast', '#ev', '#greenfuture']",4,#electricvehicle #vinfast #ev #greenfuture,@vinfast @evcommunity,{},-0.66,Instagram,2025-04-25 07:44:23.994866
POST_1370,vinfastglobal,2025-03-26,This is a sample caption for post 1370,video,10,2896,437,39234,20746,32,63,63,48982,"['#vinfast', '#ev']",2,#vinfast #ev,@vf9,{},0.62,TikTok,2025-04-25 07:44:23.994880
POST_1371,vinfast.official,2025-03-26,This is a sample caption for post 1371,image,10,9043,80,21575,18908,59,28,75,24416,"['#vinfast', '#mobility', '#greenfuture']",3,#vinfast #mobility #greenfuture,,{},0.52,Instagram,2025-04-25 07:44:23.994894
POST_1372,vinfast.official,2025-03-26,This is a sample caption for post 1372,carousel,3,7287,134,38641,20028,30,197,99,41225,['#car'],1,#car,,{},-0.99,Instagram,2025-04-25 07:44:23.994908
POST_1373,vinfastglobal,2025-03-26,This is a sample caption for post 1373,carousel,10,4748,223,45949,39669,126,69,26,48293,"['#electricvehicle', '#car', '#mobility']",3,#electricvehicle #car #mobility,,{},0.88,Instagram,2025-04-25 07:44:23.994923
POST_1374,vinfastglobal,2025-03-26,This is a sample caption for post 1374,carousel,8,1542,331,20239,13287,6,290,30,23383,['#electricvehicle'],1,#electricvehicle,,{},0.24,Instagram,2025-04-25 07:44:23.994937
POST_1375,vinfast.official,2025-03-26,This is a sample caption for post 1375,carousel,4,4628,37,13195,7266,43,247,63,16083,"['#mobility', '#vinfast']",2,#mobility #vinfast,,{},0.29,TikTok,2025-04-25 07:44:23.994950
POST_1376,vinfastglobal,2025-03-26,This is a sample caption for post 1376,video,5,5577,325,30197,15687,194,31,68,33078,"['#vinfast', '#car']",2,#vinfast #car,@vinfast @evcommunity,{},0.79,TikTok,2025-04-25 07:44:23.994963
POST_1377,vinfast.official,2025-03-27,This is a sample caption for post 1377,video,4,5436,127,7717,4991,30,126,94,14476,"['#car', '#ev']",2,#car #ev,,{},-0.06,TikTok,2025-04-25 07:44:23.994977
POST_1378,vinfastglobal,2025-03-27,This is a sample caption for post 1378,video,3,3641,485,40439,28499,104,196,17,47938,"['#mobility', '#greenfuture']",2,#mobility #greenfuture,@vinfast,{},-0.33,Instagram,2025-04-25 07:44:23.994990
POST_1379,vinfastglobal,2025-03-27,This is a sample caption for post 1379,video,3,1920,446,31009,21903,48,180,28,35844,"['#mobility', '#electricvehicle']",2,#mobility #electricvehicle,,{},0.16,Instagram,2025-04-25 07:44:23.995003
POST_1380,vinfastglobal,2025-03-27,This is a sample caption for post 1380,video,9,8115,451,14684,11251,123,147,1,21698,"['#ev', '#greenfuture']",2,#ev #greenfuture,@evcommunity,{},-0.56,Instagram,2025-04-25 07:44:23.995017
POST_1381,vinfastglobal,2025-03-27,This is a sample caption for post 1381,video,1,756,250,48569,41083,13,222,67,55029,"['#mobility', '#vinfast', '#car', '#ev']",4,#mobility #vinfast #car #ev,,{},-0.83,Instagram,2025-04-25 07:44:23.995030
POST_1382,vinfast.official,2025-03-27,This is a sample caption for post 1382,image,3,5972,161,16167,12795,28,13,61,21161,"['#mobility', '#car']",2,#mobility #car,@evcommunity @vinfast,{},0.95,TikTok,2025-04-25 07:44:23.995043
POST_1383,vinfastglobal,2025-03-27,This is a sample caption for post 1383,carousel,7,3130,414,24775,19375,185,5,80,25933,"['#mobility', '#greenfuture', '#vinfast', '#ev']",4,#mobility #greenfuture #vinfast #ev,@vf9,{},0.4,Instagram,2025-04-25 07:44:23.995057
POST_1384,vinfastglobal,2025-03-27,This is a sample caption for post 1384,carousel,6,998,273,44714,29680,18,61,49,50703,"['#electricvehicle', '#vinfast', '#greenfuture', '#ev']",4,#electricvehicle #vinfast #greenfuture #ev,,{},0.3,Instagram,2025-04-25 07:44:23.995072
POST_1385,vinfastglobal,2025-03-27,This is a sample caption for post 1385,image,6,4009,286,7942,6290,193,112,96,11635,"['#greenfuture', '#mobility', '#car']",3,#greenfuture #mobility #car,@vinfast,{},-0.87,TikTok,2025-04-25 07:44:23.995086
POST_1386,vinfast.official,2025-03-28,This is a sample caption for post 1386,carousel,9,2110,250,47019,34763,141,154,57,53050,['#ev'],1,#ev,@vinfast,{},-0.84,Instagram,2025-04-25 07:44:23.995101
POST_1387,vinfast.official,2025-03-28,This is a sample caption for post 1387,image,2,2799,151,7841,6380,132,82,26,16371,['#greenfuture'],1,#greenfuture,@evcommunity,{},0.08,Instagram,2025-04-25 07:44:23.995114
POST_1388,vinfast.official,2025-03-28,This is a sample caption for post 1388,video,7,7372,387,42750,21788,53,37,2,46556,"['#car', '#electricvehicle', '#greenfuture']",3,#car #electricvehicle #greenfuture,@evcommunity @vf9,{},-0.03,TikTok,2025-04-25 07:44:23.995131
POST_1389,vinfast.official,2025-03-28,This is a sample caption for post 1389,video,10,2261,469,20586,11883,71,121,61,26679,"['#vinfast', '#ev', '#greenfuture']",3,#vinfast #ev #greenfuture,@vf9,{},0.91,Instagram,2025-04-25 07:44:23.995154
POST_1390,vinfast.official,2025-03-28,This is a sample caption for post 1390,image,3,2614,92,16091,8892,86,299,16,23314,"['#greenfuture', '#ev', '#electricvehicle']",3,#greenfuture #ev #electricvehicle,@evcommunity @vinfast,{},0.33,TikTok,2025-04-25 07:44:23.995173
POST_1391,vinfastglobal,2025-03-28,This is a sample caption for post 1391,video,8,8945,93,35472,22549,11,212,63,37853,"['#greenfuture', '#ev', '#vinfast', '#mobility']",4,#greenfuture #ev #vinfast #mobility,@evcommunity @vf9,{},0.29,TikTok,2025-04-25 07:44:23.995188
POST_1392,vinfast.official,2025-03-28,This is a sample caption for post 1392,video,10,2509,419,37543,31079,118,178,88,39383,"['#vinfast', '#ev', '#mobility', '#electricvehicle']",4,#vinfast #ev #mobility #electricvehicle,,{},-0.2,Instagram,2025-04-25 07:44:23.995201
POST_1393,vinfast.official,2025-03-28,This is a sample caption for post 1393,video,2,5447,38,40355,31823,154,274,28,44908,"['#vinfast', '#mobility']",2,#vinfast #mobility,@vf9 @vinfast,{},0.95,TikTok,2025-04-25 07:44:23.995216
POST_1394,vinfast.official,2025-03-29,This is a sample caption for post 1394,video,10,8481,493,4173,3792,97,208,18,11179,"['#car', '#greenfuture', '#vinfast']",3,#car #greenfuture #vinfast,@vf9,{},-0.3,TikTok,2025-04-25 07:44:23.995231
POST_1395,vinfastglobal,2025-03-29,This is a sample caption for post 1395,image,8,6909,421,29499,18580,191,222,93,36285,"['#electricvehicle', '#mobility']",2,#electricvehicle #mobility,,{},-0.71,TikTok,2025-04-25 07:44:23.995245
POST_1396,vinfast.official,2025-03-29,This is a sample caption for post 1396,carousel,6,1183,487,39210,32946,27,8,52,43688,"['#ev', '#electricvehicle', '#car', '#greenfuture']",4,#ev #electricvehicle #car #greenfuture,@vinfast @evcommunity,{},-0.63,TikTok,2025-04-25 07:44:23.995259
POST_1397,vinfast.official,2025-03-29,This is a sample caption for post 1397,carousel,8,791,431,20291,17766,82,257,71,27884,"['#vinfast', '#mobility']",2,#vinfast #mobility,,{},-0.47,TikTok,2025-04-25 07:44:23.995272
POST_1398,vinfastglobal,2025-03-29,This is a sample caption for post 1398,carousel,5,6934,101,32736,29726,170,130,3,34691,"['#car', '#vinfast', '#greenfuture']",3,#car #vinfast #greenfuture,@vf9 @evcommunity,{},0.74,TikTok,2025-04-25 07:44:23.995286
POST_1399,vinfastglobal,2025-03-29,This is a sample caption for post 1399,video,9,9525,18,17509,10037,19,79,40,25062,"['#greenfuture', '#ev']",2,#greenfuture #ev,,{},-0.45,TikTok,2025-04-25 07:44:23.995299
POST_1400,vinfast.official,2025-03-30,This is a sample caption for post 1400,image,5,4878,281,42373,39040,136,104,98,45375,['#electricvehicle'],1,#electricvehicle,,{},0.09,TikTok,2025-04-25 07:44:23.995313
POST_1401,vinfast.official,2025-03-30,This is a sample caption for post 1401,video,6,1670,283,38513,25350,41,11,17,47002,"['#greenfuture', '#car', '#electricvehicle']",3,#greenfuture #car #electricvehicle,@vinfast,{},-0.8,Instagram,2025-04-25 07:44:23.995328
POST_1402,vinfastglobal,2025-03-30,This is a sample caption for post 1402,image,9,8712,443,35371,29027,184,63,53,42915,['#vinfast'],1,#vinfast,,{},0.85,TikTok,2025-04-25 07:44:23.995341
POST_1403,vinfast.official,2025-03-30,This is a sample caption for post 1403,video,6,2377,428,29462,26526,157,272,97,35066,"['#mobility', '#greenfuture']",2,#mobility #greenfuture,,{},0.49,Instagram,2025-04-25 07:44:23.995363
POST_1404,vinfastglobal,2025-03-30,This is a sample caption for post 1404,image,3,3812,167,8714,5179,25,222,88,10544,['#vinfast'],1,#vinfast,@vf9,{},-0.91,Instagram,2025-04-25 07:44:23.995377
POST_1405,vinfastglobal,2025-03-30,This is a sample caption for post 1405,carousel,9,9818,40,31241,17292,69,27,8,36183,['#vinfast'],1,#vinfast,,{},0.84,Instagram,2025-04-25 07:44:23.995389
POST_1406,vinfastglobal,2025-03-30,This is a sample caption for post 1406,image,6,579,56,10039,8840,76,183,45,12669,"['#electricvehicle', '#mobility']",2,#electricvehicle #mobility,,{},-0.8,Instagram,2025-04-25 07:44:23.995404
POST_1407,vinfastglobal,2025-03-30,This is a sample caption for post 1407,carousel,4,4717,97,49915,37022,190,55,27,58175,"['#greenfuture', '#electricvehicle', '#ev', '#car']",4,#greenfuture #electricvehicle #ev #car,@vinfast @evcommunity,{},0.67,TikTok,2025-04-25 07:44:23.995418
POST_1408,vinfast.official,2025-03-30,This is a sample caption for post 1408,image,9,3828,218,7895,6652,85,68,59,9702,"['#car', '#greenfuture']",2,#car #greenfuture,@vf9 @vinfast,{},-0.84,TikTok,2025-04-25 07:44:23.995431
POST_1409,vinfastglobal,2025-03-30,This is a sample caption for post 1409,video,5,7586,317,48745,31216,118,120,70,55417,"['#car', '#ev', '#vinfast']",3,#car #ev #vinfast,@evcommunity,{},-0.27,Instagram,2025-04-25 07:44:23.995444
POST_1410,vinfast.official,2025-03-31,This is a sample caption for post 1410,carousel,2,6594,234,34753,27675,26,66,18,41221,"['#mobility', '#electricvehicle', '#vinfast', '#greenfuture']",4,#mobility #electricvehicle #vinfast #greenfuture,,{},-0.87,Instagram,2025-04-25 07:44:23.995458
POST_1411,vinfast.official,2025-03-31,This is a sample caption for post 1411,image,10,6723,72,15761,13824,190,260,35,25295,"['#mobility', '#car', '#greenfuture']",3,#mobility #car #greenfuture,@evcommunity,{},0.21,TikTok,2025-04-25 07:44:23.995472
POST_1412,vinfast.official,2025-03-31,This is a sample caption for post 1412,carousel,5,2514,403,30294,16619,69,255,63,34075,"['#vinfast', '#mobility']",2,#vinfast #mobility,@vinfast @evcommunity,{},-0.0,Instagram,2025-04-25 07:44:23.995486
POST_1413,vinfastglobal,2025-03-31,This is a sample caption for post 1413,video,10,5456,88,20341,15863,29,44,84,28859,"['#car', '#ev', '#greenfuture', '#mobility']",4,#car #ev #greenfuture #mobility,@vf9,{},0.01,TikTok,2025-04-25 07:44:23.995500
POST_1414,vinfastglobal,2025-03-31,This is a sample caption for post 1414,image,7,2051,206,29998,19245,101,231,58,30587,['#ev'],1,#ev,@evcommunity @vf9,{},0.77,Instagram,2025-04-25 07:44:23.995514
POST_1415,vinfast.official,2025-03-31,This is a sample caption for post 1415,video,3,5219,376,25998,18701,33,296,86,34035,"['#car', '#electricvehicle', '#ev', '#greenfuture']",4,#car #electricvehicle #ev #greenfuture,,{},-0.22,TikTok,2025-04-25 07:44:23.995528
POST_1416,vinfast.official,2025-03-31,This is a sample caption for post 1416,carousel,6,4760,174,4525,2319,16,70,46,10240,['#mobility'],1,#mobility,@vf9,{},-0.81,TikTok,2025-04-25 07:44:23.995541
POST_1417,vinfast.official,2025-03-31,This is a sample caption for post 1417,video,6,1024,348,16505,10091,170,164,75,17896,['#greenfuture'],1,#greenfuture,,{},-0.32,Instagram,2025-04-25 07:44:23.995554
POST_1418,vinfast.official,2025-03-31,This is a sample caption for post 1418,image,8,7021,300,34235,31004,73,15,89,41930,['#greenfuture'],1,#greenfuture,@evcommunity,{},-0.22,Instagram,2025-04-25 07:44:23.995567
POST_1419,vinfast.official,2025-03-31,This is a sample caption for post 1419,image,4,5604,264,33449,28938,175,178,21,38356,"['#car', '#ev', '#mobility']",3,#car #ev #mobility,@vinfast @evcommunity,{},-0.43,Instagram,2025-04-25 07:44:23.995580
